mysqldump: [Warning] Using a password on the command line interface can be insecure.
-- MySQL dump 10.13  Distrib 8.0.22, for Linux (x86_64)
--
-- Host: localhost    Database: crowdfunding
-- ------------------------------------------------------
-- Server version	8.0.22

/*!40101 SET @OLD_CHARACTER_SET_CLIENT=@@CHARACTER_SET_CLIENT */;
/*!40101 SET @OLD_CHARACTER_SET_RESULTS=@@CHARACTER_SET_RESULTS */;
/*!40101 SET @OLD_COLLATION_CONNECTION=@@COLLATION_CONNECTION */;
/*!50503 SET NAMES utf8mb4 */;
/*!40103 SET @OLD_TIME_ZONE=@@TIME_ZONE */;
/*!40103 SET TIME_ZONE='+00:00' */;
/*!40014 SET @OLD_UNIQUE_CHECKS=@@UNIQUE_CHECKS, UNIQUE_CHECKS=0 */;
/*!40014 SET @OLD_FOREIGN_KEY_CHECKS=@@FOREIGN_KEY_CHECKS, FOREIGN_KEY_CHECKS=0 */;
/*!40101 SET @OLD_SQL_MODE=@@SQL_MODE, SQL_MODE='NO_AUTO_VALUE_ON_ZERO' */;
/*!40111 SET @OLD_SQL_NOTES=@@SQL_NOTES, SQL_NOTES=0 */;

--
-- Current Database: `crowdfunding`
--

CREATE DATABASE /*!32312 IF NOT EXISTS*/ `crowdfunding` /*!40100 DEFAULT CHARACTER SET utf8mb4 COLLATE utf8mb4_0900_ai_ci */ /*!80016 DEFAULT ENCRYPTION='N' */;

USE `crowdfunding`;

--
-- Table structure for table `beneficiary`
--

DROP TABLE IF EXISTS `beneficiary`;
/*!40101 SET @saved_cs_client     = @@character_set_client */;
/*!50503 SET character_set_client = utf8mb4 */;
CREATE TABLE `beneficiary` (
  `createdAt` datetime(6) NOT NULL DEFAULT CURRENT_TIMESTAMP(6),
  `updateAt` datetime(6) NOT NULL DEFAULT CURRENT_TIMESTAMP(6) ON UPDATE CURRENT_TIMESTAMP(6),
  `id` int NOT NULL AUTO_INCREMENT,
  `name` varchar(50) NOT NULL,
  `lastname` varchar(50) NOT NULL,
  `maternal_lastname` varchar(50) NOT NULL,
  `sex` varchar(255) NOT NULL,
  `nse` varchar(255) NOT NULL,
  `document` char(8) NOT NULL,
  `age` int NOT NULL,
  `district` char(6) NOT NULL,
  `region` char(2) NOT NULL,
  `province` char(4) NOT NULL,
  `handicapped` tinyint NOT NULL,
  `address` varchar(150) DEFAULT NULL,
  PRIMARY KEY (`id`),
  UNIQUE KEY `IDX_67339ccebcadda6dbbb36e89cd` (`document`)
) ENGINE=InnoDB AUTO_INCREMENT=35 DEFAULT CHARSET=utf8mb4 COLLATE=utf8mb4_0900_ai_ci;
/*!40101 SET character_set_client = @saved_cs_client */;

--
-- Dumping data for table `beneficiary`
--

LOCK TABLES `beneficiary` WRITE;
/*!40000 ALTER TABLE `beneficiary` DISABLE KEYS */;
INSERT INTO `beneficiary` VALUES ('2021-06-01 01:28:47.566882','2021-06-01 07:22:56.000000',2,'Luis Mateo','Rios','Alejo','Masculino','NSE D','10065124',65,'030304','03','0303',1,'Av Los Girasoles 321'),('2021-06-01 01:30:11.249509','2021-06-01 01:30:11.249509',3,'Fredy','Diaz','Pachas','Masculino','NSE E','10659345',68,'140101','14','1401',0,NULL),('2021-06-01 01:31:45.892878','2021-06-01 01:31:45.892878',4,'Giovanna','Diaz','Pachas','Femenino','NSE C','45321054',72,'050601','05','0506',1,NULL),('2021-06-01 01:33:26.332127','2021-06-01 01:33:26.332127',5,'Luisa','Guevara','Diaz','Femenino','NSE C','42103546',73,'100201','10','1002',0,NULL),('2021-06-01 01:35:04.785940','2021-06-01 01:35:04.785940',6,'Ruth','Magallanes','Apolaya','Femenino','NSE C','10642513',74,'100201','10','1002',1,NULL),('2021-06-01 05:20:46.127478','2021-06-01 05:20:46.127478',7,'Jose ','Diaz','Carrasco','Masculino','NSE D','78453216',13,'040303','04','0403',0,NULL),('2021-06-01 07:24:27.162610','2021-06-01 07:24:27.162610',8,'prueba','adadsa','asdads','Femenino','NSE A','78945612',12,'020101','02','0201',0,'asdasdasda'),('2021-06-01 07:28:15.290323','2021-06-06 08:34:40.000000',10,'asdads','asdads','asdads','Femenino','NSE A','42103549',12,'010404','01','0104',0,'asdadst'),('2021-06-03 12:47:56.677154','2021-06-12 09:03:23.000000',11,'dasda','asdas','asdsa','F','NSE B','12313213',31,'040303','04','0403',0,'asdadsa'),('2021-06-06 00:14:55.329855','2021-06-06 00:14:55.329855',12,'prueba2','prueba2','prueba2','Femenino','NSE C','98765432',87,'040404','04','0404',1,'asdasdaasd'),('2021-06-06 00:32:58.650806','2021-06-06 00:32:58.650806',15,'prueba3','prueba3','prueba3','Femenino','NSE E','45678912',65,'040505','04','0405',0,'prueba3'),('2021-06-06 00:37:18.443614','2021-06-06 00:38:18.000000',17,'prueba4','prueba4','prueba4','Masculino','NSE C','32165498',38,'','','',0,'prueba4'),('2021-06-06 02:56:02.904891','2021-06-06 02:56:02.904891',18,'Gabriel','Tinoco','Huaman','M','D','75488845',4,'110108','11','1101',1,'Jr. Santa Amelia 761 Urb. Azcarrunz, SJL'),('2021-06-06 02:56:02.930124','2021-06-06 02:56:02.930124',19,'Renato','Huamani','Diaz','M','D','75488855',3,'110108','11','1101',1,'Jr. Santa Amelia 761 Urb. Azcarrunz, SJL'),('2021-06-06 11:07:46.954333','2021-06-19 06:24:45.000000',20,'Alondra','Guevara','Sanchez','F','D','75488765',4,'130101','13','1301',1,'Jr. Santa Amelia 761 Urb. Azcarrunz, SJL'),('2021-06-06 11:07:46.955866','2021-06-06 11:07:46.955866',21,'Alexandra','Mesias','Tapia','F','D','75488795',3,'160101','16','1601',1,'Jr. Santa Amelia 761 Urb. Azcarrunz, SJL'),('2021-06-06 11:07:46.965592','2021-06-19 06:02:10.000000',22,'Alonsoo','Diaz','Pachas','M','D','75488745',4,'110101','11','1101',1,'Jr. Santa Amelia 761 Urb. Azcarrunz, SJLL'),('2021-06-06 11:07:46.969694','2021-06-06 11:07:46.969694',23,'Ximena','Huaman','Ruiz','F','C','75488815',3,'180101','18','1801',1,'Jr. Santa Amelia 761 Urb. Azcarrunz, SJL'),('2021-06-06 11:07:46.972269','2021-06-06 11:07:46.972269',24,'Elias','Yupanqui','Sanchez','M','D','75488835',3,'200101','20','2001',1,'Jr. Santa Amelia 761 Urb. Azcarrunz, SJL'),('2021-06-06 11:07:46.983199','2021-06-06 11:07:46.983199',25,'Josue','Sanchez','Luna','M','E','75488775',3,'140101','14','1401',1,'Jr. Santa Amelia 761 Urb. Azcarrunz, SJL'),('2021-06-06 11:07:46.987410','2021-06-06 11:07:46.987410',26,'Sebastian','Cornejo','Sanchez','M','E','75488805',4,'170101','17','1701',1,'Jr. Santa Amelia 761 Urb. Azcarrunz, SJL'),('2021-06-06 11:07:46.988036','2021-06-06 11:07:46.988036',27,'Ernesto','Zela','Contreras','M','D','75488785',4,'150101','15','1501',1,'Jr. Santa Amelia 761 Urb. Azcarrunz, SJL'),('2021-06-06 11:07:46.992749','2021-06-12 08:55:25.000000',28,'Hermelinda','Sanchez','Pachas','F','C','75488755',4,'120101','12','1201',1,'Jr. Santa Amelia 761 Urb. Azcarrunz, SJL'),('2021-06-06 11:07:47.059867','2021-06-06 11:07:47.059867',29,'Almendra','Sanchez','Ruiz','F','C','75488825',4,'190101','19','1901',1,'Jr. Santa Amelia 761 Urb. Azcarrunz, SJL'),('2021-06-12 09:07:48.255524','2021-06-12 09:07:48.255524',30,'asad','asda','asdsas','M','B','12313132',121,'030303','03','0303',0,'asadsa'),('2021-06-14 16:05:34.424920','2021-06-14 16:05:34.424920',31,'adads','asas','asddas','F','B','13213123',48,'030403','03','0304',1,'asdadsada'),('2021-06-15 00:26:51.885089','2021-06-15 00:26:51.885089',32,'Giselle','Chimanca','Diaz','F','D','10652148',75,'140103','14','1401',0,'Av. Los Quechuas cuadra 11'),('2021-06-19 05:58:31.573543','2021-06-19 05:58:39.000000',33,'test444','test','test','M','B','12345678',54,'020203','02','0202',0,'Av Los paisales 321'),('2021-06-19 06:25:50.601270','2021-06-19 06:25:50.601270',34,'test2','test2','test2','F','A','12345632',32,'010101','01','0101',0,'test2');
/*!40000 ALTER TABLE `beneficiary` ENABLE KEYS */;
UNLOCK TABLES;

--
-- Table structure for table `beneficiary_campaign`
--

DROP TABLE IF EXISTS `beneficiary_campaign`;
/*!40101 SET @saved_cs_client     = @@character_set_client */;
/*!50503 SET character_set_client = utf8mb4 */;
CREATE TABLE `beneficiary_campaign` (
  `id` int NOT NULL AUTO_INCREMENT,
  `status` enum('asociado','pendiente','sin asignar','atendido') NOT NULL,
  `priority` int DEFAULT NULL,
  `beneficiaryId` int NOT NULL,
  `campaignId` int NOT NULL,
  PRIMARY KEY (`id`),
  UNIQUE KEY `UNQ_KEYS` (`beneficiaryId`,`campaignId`),
  KEY `FK_5164958e563ca28e9ca59fcbc48` (`campaignId`),
  CONSTRAINT `FK_5164958e563ca28e9ca59fcbc48` FOREIGN KEY (`campaignId`) REFERENCES `campaign` (`id`),
  CONSTRAINT `FK_9bff4edbb65625187ec76bd754f` FOREIGN KEY (`beneficiaryId`) REFERENCES `beneficiary` (`id`)
) ENGINE=InnoDB AUTO_INCREMENT=128 DEFAULT CHARSET=utf8mb4 COLLATE=utf8mb4_0900_ai_ci;
/*!40101 SET character_set_client = @saved_cs_client */;

--
-- Dumping data for table `beneficiary_campaign`
--

LOCK TABLES `beneficiary_campaign` WRITE;
/*!40000 ALTER TABLE `beneficiary_campaign` DISABLE KEYS */;
INSERT INTO `beneficiary_campaign` VALUES (1,'sin asignar',48,10,13),(2,'sin asignar',32,11,13),(3,'atendido',300,12,13),(6,'sin asignar',100,15,13),(8,'sin asignar',24,17,13),(43,'sin asignar',200,22,13),(44,'pendiente',250,25,13),(45,'pendiente',250,26,13),(46,'pendiente',300,28,13),(47,'atendido',400,21,13),(48,'atendido',400,20,13),(49,'atendido',300,29,13),(50,'pendiente',200,18,13),(51,'sin asignar',200,24,13),(52,'pendiente',200,27,13),(53,'atendido',300,23,13),(54,'pendiente',200,19,13),(69,'atendido',800,31,23),(70,'atendido',60,30,23),(72,'sin asignar',80,32,21),(73,'sin asignar',200,22,21),(74,'pendiente',300,23,21),(75,'pendiente',250,26,21),(76,'pendiente',200,18,21),(77,'atendido',400,20,21),(78,'pendiente',300,29,21),(79,'pendiente',300,28,21),(80,'sin asignar',200,19,21),(81,'pendiente',200,24,21),(82,'atendido',400,21,21),(83,'pendiente',200,27,21),(84,'pendiente',250,25,21),(87,'asociado',NULL,20,36),(88,'asociado',NULL,28,36),(89,'asociado',NULL,18,36),(90,'asociado',NULL,24,36),(92,'asociado',NULL,26,36),(93,'asociado',NULL,27,36),(94,'asociado',NULL,21,36),(95,'asociado',NULL,19,36),(96,'asociado',NULL,25,36),(97,'asociado',NULL,29,36),(99,'asociado',NULL,33,36),(101,'asociado',NULL,34,36),(104,'pendiente',300,28,27),(105,'pendiente',400,21,27),(106,'pendiente',250,25,27),(107,'sin asignar',200,19,27),(111,'pendiente',200,27,27),(112,'sin asignar',200,22,27),(113,'pendiente',400,20,27),(114,'pendiente',300,23,27),(115,'pendiente',300,29,27),(116,'sin asignar',200,22,19),(117,'sin asignar',200,24,19),(118,'pendiente',200,19,19),(119,'pendiente',300,29,19),(120,'pendiente',250,25,19),(121,'pendiente',400,21,19),(122,'pendiente',300,28,19),(123,'pendiente',400,20,19),(124,'pendiente',250,26,19),(125,'pendiente',200,18,19),(126,'pendiente',200,27,19);
/*!40000 ALTER TABLE `beneficiary_campaign` ENABLE KEYS */;
UNLOCK TABLES;

--
-- Table structure for table `beneficiary_donation`
--

DROP TABLE IF EXISTS `beneficiary_donation`;
/*!40101 SET @saved_cs_client     = @@character_set_client */;
/*!50503 SET character_set_client = utf8mb4 */;
CREATE TABLE `beneficiary_donation` (
  `createdAt` datetime(6) NOT NULL DEFAULT CURRENT_TIMESTAMP(6),
  `updateAt` datetime(6) NOT NULL DEFAULT CURRENT_TIMESTAMP(6) ON UPDATE CURRENT_TIMESTAMP(6),
  `id` int NOT NULL AUTO_INCREMENT,
  `beneficiaryId` int NOT NULL,
  `campaignId` int NOT NULL,
  `donationId` int NOT NULL,
  `amount` int DEFAULT NULL,
  `status` enum('registrado','entregado') NOT NULL DEFAULT 'registrado',
  PRIMARY KEY (`id`),
  UNIQUE KEY `UNQ_KEYS` (`beneficiaryId`,`campaignId`,`donationId`),
  KEY `FK_36b765180728fac8cc2cc659c03` (`donationId`),
  CONSTRAINT `FK_36b765180728fac8cc2cc659c03` FOREIGN KEY (`donationId`) REFERENCES `donation` (`id`)
) ENGINE=InnoDB AUTO_INCREMENT=354 DEFAULT CHARSET=utf8mb4 COLLATE=utf8mb4_0900_ai_ci;
/*!40101 SET character_set_client = @saved_cs_client */;

--
-- Dumping data for table `beneficiary_donation`
--

LOCK TABLES `beneficiary_donation` WRITE;
/*!40000 ALTER TABLE `beneficiary_donation` DISABLE KEYS */;
INSERT INTO `beneficiary_donation` VALUES ('2021-06-08 18:43:14.355220','2021-07-18 06:58:40.000000',173,20,13,22,2,'entregado'),('2021-06-08 18:43:14.355220','2021-07-18 06:58:40.000000',174,20,13,23,1,'entregado'),('2021-06-08 18:43:14.355220','2021-07-18 06:58:31.000000',175,21,13,22,2,'entregado'),('2021-06-08 18:43:14.355220','2021-07-18 06:58:31.000000',176,21,13,23,1,'entregado'),('2021-06-08 18:43:14.355220','2021-06-08 18:43:14.355220',177,28,13,22,2,'registrado'),('2021-06-08 18:43:14.355220','2021-06-08 18:43:14.355220',178,28,13,23,1,'registrado'),('2021-06-08 18:43:14.355220','2021-07-18 06:58:46.000000',179,29,13,22,2,'entregado'),('2021-06-08 18:43:14.355220','2021-07-18 06:58:46.000000',180,29,13,23,1,'entregado'),('2021-06-08 18:43:14.355220','2021-07-18 07:07:03.000000',181,23,13,22,2,'entregado'),('2021-06-08 18:43:14.355220','2021-06-10 16:35:10.000000',182,23,13,23,1,'entregado'),('2021-06-08 18:43:14.355220','2021-07-18 07:07:17.000000',183,12,13,22,2,'entregado'),('2021-06-08 18:43:14.355220','2021-06-08 18:43:14.355220',184,12,13,23,1,'registrado'),('2021-06-08 18:43:14.355220','2021-06-08 18:43:14.355220',185,26,13,22,2,'registrado'),('2021-06-08 18:43:14.355220','2021-06-08 18:43:14.355220',186,26,13,23,1,'registrado'),('2021-06-08 18:43:14.355220','2021-06-08 18:43:14.355220',187,25,13,22,2,'registrado'),('2021-06-08 18:43:14.355220','2021-06-08 18:43:14.355220',188,25,13,23,1,'registrado'),('2021-06-08 18:43:14.355220','2021-06-08 18:43:14.355220',189,18,13,22,2,'registrado'),('2021-06-08 18:43:14.355220','2021-06-08 18:43:14.355220',190,18,13,23,1,'registrado'),('2021-06-08 18:43:14.355220','2021-06-08 18:43:14.355220',191,24,13,22,2,'registrado'),('2021-06-08 18:43:14.355220','2021-06-08 18:43:14.355220',192,24,13,23,1,'registrado'),('2021-06-08 18:43:14.355220','2021-06-08 18:43:14.355220',193,22,13,22,2,'registrado'),('2021-06-08 18:43:14.355220','2021-06-08 18:43:14.355220',194,22,13,23,0,'registrado'),('2021-06-08 18:43:14.355220','2021-06-08 18:43:14.355220',195,19,13,22,0,'registrado'),('2021-06-08 18:43:14.355220','2021-06-08 18:43:14.355220',196,19,13,23,0,'registrado'),('2021-06-08 18:43:14.355220','2021-06-08 18:43:14.355220',197,27,13,22,0,'registrado'),('2021-06-08 18:43:14.355220','2021-06-08 18:43:14.355220',198,27,13,23,0,'registrado'),('2021-06-08 18:43:14.355220','2021-06-08 18:43:14.355220',199,15,13,22,0,'registrado'),('2021-06-08 18:43:14.355220','2021-06-08 18:43:14.355220',200,15,13,23,0,'registrado'),('2021-06-08 18:43:14.355220','2021-06-08 18:43:14.355220',201,10,13,22,0,'registrado'),('2021-06-08 18:43:14.355220','2021-06-08 18:43:14.355220',202,10,13,23,0,'registrado'),('2021-06-08 18:43:14.355220','2021-06-08 18:43:14.355220',203,11,13,22,0,'registrado'),('2021-06-08 18:43:14.355220','2021-06-08 18:43:14.355220',204,11,13,23,0,'registrado'),('2021-06-08 18:43:14.355220','2021-06-08 18:43:14.355220',205,17,13,22,0,'registrado'),('2021-06-08 18:43:14.355220','2021-06-08 18:43:14.355220',206,17,13,23,0,'registrado'),('2021-06-15 01:40:07.550973','2021-06-15 01:50:48.000000',207,20,21,28,1,'entregado'),('2021-06-15 01:40:07.550973','2021-06-15 01:50:48.000000',208,20,21,29,2,'entregado'),('2021-06-15 01:40:07.550973','2021-06-15 01:51:09.000000',209,21,21,28,1,'entregado'),('2021-06-15 01:40:07.550973','2021-06-15 01:51:09.000000',210,21,21,29,2,'entregado'),('2021-06-15 01:40:07.550973','2021-06-15 01:40:07.550973',211,29,21,28,1,'registrado'),('2021-06-15 01:40:07.550973','2021-06-15 01:40:07.550973',212,29,21,29,2,'registrado'),('2021-06-15 01:40:07.550973','2021-06-15 01:40:07.550973',213,28,21,28,1,'registrado'),('2021-06-15 01:40:07.550973','2021-06-15 01:40:07.550973',214,28,21,29,2,'registrado'),('2021-06-15 01:40:07.550973','2021-06-15 01:40:07.550973',215,23,21,28,1,'registrado'),('2021-06-15 01:40:07.550973','2021-06-15 01:40:07.550973',216,23,21,29,2,'registrado'),('2021-06-15 01:40:07.550973','2021-06-15 01:40:07.550973',217,25,21,28,1,'registrado'),('2021-06-15 01:40:07.550973','2021-06-15 01:40:07.550973',218,25,21,29,2,'registrado'),('2021-06-15 01:40:07.550973','2021-06-15 01:40:07.550973',219,26,21,28,1,'registrado'),('2021-06-15 01:40:07.550973','2021-06-15 01:40:07.550973',220,26,21,29,2,'registrado'),('2021-06-15 01:40:07.550973','2021-06-15 01:40:07.550973',221,24,21,28,1,'registrado'),('2021-06-15 01:40:07.550973','2021-06-15 01:40:07.550973',222,24,21,29,2,'registrado'),('2021-06-15 01:40:07.550973','2021-06-15 01:40:07.550973',223,27,21,28,1,'registrado'),('2021-06-15 01:40:07.550973','2021-06-15 01:40:07.550973',224,27,21,29,2,'registrado'),('2021-06-15 01:40:07.550973','2021-06-15 01:40:07.550973',225,18,21,28,1,'registrado'),('2021-06-15 01:40:07.550973','2021-06-15 01:40:07.550973',226,18,21,29,0,'registrado'),('2021-06-15 01:40:07.550973','2021-06-15 01:40:07.550973',227,22,21,28,0,'registrado'),('2021-06-15 01:40:07.550973','2021-06-15 01:40:07.550973',228,22,21,29,0,'registrado'),('2021-06-15 01:40:07.550973','2021-06-15 01:40:07.550973',229,19,21,28,0,'registrado'),('2021-06-15 01:40:07.550973','2021-06-15 01:40:07.550973',230,19,21,29,0,'registrado'),('2021-06-15 01:40:07.550973','2021-06-15 01:40:07.550973',231,32,21,28,0,'registrado'),('2021-06-15 01:40:07.550973','2021-06-15 01:40:07.550973',232,32,21,29,0,'registrado'),('2021-06-17 12:53:57.216579','2021-06-17 12:54:30.000000',233,31,23,26,1,'entregado'),('2021-06-17 12:53:57.216579','2021-06-19 06:58:21.000000',234,30,23,26,1,'entregado'),('2021-06-21 12:32:36.018162','2021-06-21 12:32:36.018162',279,21,19,30,1,'registrado'),('2021-06-21 12:32:36.018162','2021-06-21 12:32:36.018162',280,21,19,39,2,'registrado'),('2021-06-21 12:32:36.018162','2021-06-21 12:32:36.018162',281,20,19,30,1,'registrado'),('2021-06-21 12:32:36.018162','2021-06-21 12:32:36.018162',282,20,19,39,2,'registrado'),('2021-06-21 12:32:36.018162','2021-06-21 12:32:36.018162',283,28,19,30,1,'registrado'),('2021-06-21 12:32:36.018162','2021-06-21 12:32:36.018162',284,28,19,39,2,'registrado'),('2021-06-21 12:32:36.018162','2021-06-21 12:32:36.018162',285,29,19,30,1,'registrado'),('2021-06-21 12:32:36.018162','2021-06-21 12:32:36.018162',286,29,19,39,2,'registrado'),('2021-06-21 12:32:36.018162','2021-06-21 12:32:36.018162',287,26,19,30,1,'registrado'),('2021-06-21 12:32:36.018162','2021-06-21 12:32:36.018162',288,26,19,39,2,'registrado'),('2021-06-21 12:32:36.018162','2021-06-21 12:32:36.018162',289,25,19,30,1,'registrado'),('2021-06-21 12:32:36.018162','2021-06-21 12:32:36.018162',290,25,19,39,2,'registrado'),('2021-06-21 12:32:36.018162','2021-06-21 12:32:36.018162',291,22,19,30,1,'registrado'),('2021-06-21 12:32:36.018162','2021-06-21 12:32:36.018162',292,22,19,39,2,'registrado'),('2021-06-21 12:32:36.018162','2021-06-21 12:32:36.018162',293,27,19,30,1,'registrado'),('2021-06-21 12:32:36.018162','2021-06-21 12:32:36.018162',294,27,19,39,2,'registrado'),('2021-06-21 12:32:36.018162','2021-06-21 12:32:36.018162',295,24,19,30,1,'registrado'),('2021-06-21 12:32:36.018162','2021-06-21 12:32:36.018162',296,24,19,39,2,'registrado'),('2021-06-21 12:32:36.018162','2021-06-21 12:32:36.018162',297,19,19,30,0,'registrado'),('2021-06-21 12:32:36.018162','2021-06-21 12:32:36.018162',298,19,19,39,0,'registrado'),('2021-06-21 12:32:36.018162','2021-06-21 12:32:36.018162',299,18,19,30,0,'registrado'),('2021-06-21 12:32:36.018162','2021-06-21 12:32:36.018162',300,18,19,39,0,'registrado'),('2021-07-18 08:49:52.008125','2021-07-18 08:49:52.008125',336,21,27,40,2,'registrado'),('2021-07-18 08:49:52.008125','2021-07-18 08:49:52.008125',337,21,27,41,1,'registrado'),('2021-07-18 08:49:52.008125','2021-07-18 08:49:52.008125',338,20,27,40,2,'registrado'),('2021-07-18 08:49:52.008125','2021-07-18 08:49:52.008125',339,20,27,41,1,'registrado'),('2021-07-18 08:49:52.008125','2021-07-18 08:49:52.008125',340,29,27,40,2,'registrado'),('2021-07-18 08:49:52.008125','2021-07-18 08:49:52.008125',341,29,27,41,1,'registrado'),('2021-07-18 08:49:52.008125','2021-07-18 08:49:52.008125',342,23,27,40,2,'registrado'),('2021-07-18 08:49:52.008125','2021-07-18 08:49:52.008125',343,23,27,41,1,'registrado'),('2021-07-18 08:49:52.008125','2021-07-18 08:49:52.008125',344,28,27,40,2,'registrado'),('2021-07-18 08:49:52.008125','2021-07-18 08:49:52.008125',345,28,27,41,1,'registrado'),('2021-07-18 08:49:52.008125','2021-07-18 08:49:52.008125',346,25,27,40,2,'registrado'),('2021-07-18 08:49:52.008125','2021-07-18 08:49:52.008125',347,25,27,41,1,'registrado'),('2021-07-18 08:49:52.008125','2021-07-18 08:49:52.008125',348,27,27,40,2,'registrado'),('2021-07-18 08:49:52.008125','2021-07-18 08:49:52.008125',349,27,27,41,1,'registrado'),('2021-07-18 08:49:52.008125','2021-07-18 08:49:52.008125',350,19,27,40,0,'registrado'),('2021-07-18 08:49:52.008125','2021-07-18 08:49:52.008125',351,19,27,41,0,'registrado'),('2021-07-18 08:49:52.008125','2021-07-18 08:49:52.008125',352,22,27,40,0,'registrado'),('2021-07-18 08:49:52.008125','2021-07-18 08:49:52.008125',353,22,27,41,0,'registrado');
/*!40000 ALTER TABLE `beneficiary_donation` ENABLE KEYS */;
UNLOCK TABLES;

--
-- Table structure for table `campaign`
--

DROP TABLE IF EXISTS `campaign`;
/*!40101 SET @saved_cs_client     = @@character_set_client */;
/*!50503 SET character_set_client = utf8mb4 */;
CREATE TABLE `campaign` (
  `id` int NOT NULL AUTO_INCREMENT,
  `name` varchar(255) NOT NULL,
  `description` varchar(255) DEFAULT NULL,
  `release` datetime DEFAULT NULL,
  `ending` datetime DEFAULT NULL,
  `userId` int DEFAULT NULL,
  `type` enum('materiales','serviciales','monetario') NOT NULL,
  `createdAt` datetime(6) NOT NULL DEFAULT CURRENT_TIMESTAMP(6),
  `updateAt` datetime(6) NOT NULL DEFAULT CURRENT_TIMESTAMP(6) ON UPDATE CURRENT_TIMESTAMP(6),
  `image_url` mediumtext NOT NULL,
  `status` enum('creada','publicada','distribución','finalizada') NOT NULL DEFAULT 'creada',
  PRIMARY KEY (`id`),
  KEY `FK_8e2dc400e55e237feba0869bc02` (`userId`),
  CONSTRAINT `FK_8e2dc400e55e237feba0869bc02` FOREIGN KEY (`userId`) REFERENCES `user` (`id`)
) ENGINE=InnoDB AUTO_INCREMENT=37 DEFAULT CHARSET=utf8mb4 COLLATE=utf8mb4_0900_ai_ci;
/*!40101 SET character_set_client = @saved_cs_client */;

--
-- Dumping data for table `campaign`
--

LOCK TABLES `campaign` WRITE;
/*!40000 ALTER TABLE `campaign` DISABLE KEYS */;
INSERT INTO `campaign` VALUES (13,'Ayudanos a buscar fondos','Campaña para los niños pobres',NULL,NULL,2,'materiales','2021-05-09 07:18:36.686136','2021-06-12 05:28:16.000000','data:image/jpeg;base64,/9j/4AAQSkZJRgABAQAAAQABAAD/2wBDAAUDBAQEAwUEBAQFBQUGBwwIBwcHBw8LCwkMEQ8SEhEPERETFhwXExQaFRERGCEYGh0dHx8fExciJCIeJBweHx7/2wBDAQUFBQcGBw4ICA4eFBEUHh4eHh4eHh4eHh4eHh4eHh4eHh4eHh4eHh4eHh4eHh4eHh4eHh4eHh4eHh4eHh4eHh7/wAARCAEAAQADASIAAhEBAxEB/8QAHAAAAAcBAQAAAAAAAAAAAAAAAAECAwQFBgcI/8QAPxAAAQMDAgQEBAMFBwMFAAAAAQACAwQFESExBhJBUQciYXETMoGRFEKhI2KxwdEIM0NScuHwFiTCFVOCsvH/xAAcAQABBQEBAQAAAAAAAAAAAAADAAIEBQYBBwj/xAA2EQABAwIEAwYEBQQDAAAAAAABAAIDBBEFEiExBkFREyJhcZHRFDKBwQdCobHwFSNS8WJy4f/aAAwDAQACEQMRAD8A43JXV9WSSSAU7TW6aUh0hc7Kv6a2sYPMAp8NOxuMNBK1UVExnJYuate/cqqobU1upbhXFPTMjaNE8wYGiUAdvupjWhuyhOcSltGANEoDIyEloHZKGNAnpiW1aHhqZzi+NxBIY3Az2WfafurHh2T4dzYM6OaWn+IWV4rYTBG/of3H/i9T/CmVvx1RCdyy4+hHur642+GrZ5xyyDZ4Go/qsxUwvpp3QyDDmn7jutn+qpuJabmhbUtbksPK7Hbp+v8AFV3D2KPjlFPIbtO3gVe8f8Mwz0rsQgbaRmrrfmHO/iN79FQ/xQHbZE3DntaTy5OFOLbRTxfEr7gyLY4Moacejd/tlamtxalo3ZZHa9BqV5lg3CWK4xGZaaPuf5E2F+g6/RQ2nXRarg6+up5mQyvx2VJHBbK+Mus1xjqJGj+6LhzO9ttfTCr2PdG4FpwQe6fBVU+IRExG/wBlFxLCK/AqgR1TMpO3QjwK9HcO3hssbPMNVtaeX4ltY7O71504N4jLXNilfhw7ldxtdcP+m6CQnWVziPZUdXTmJ1lc0NUJmXV21OBR6aQSMByn1GCnpQKMJKMFJJKzsiJ0RZ6oE6JJIDZBvzIgcBEzdcXU6jSc64R5yupIwiKCLOu6SSCCGUEkkRRdUfVEkkvEIwlt69Elo69UsHotksAUpqU1J7YCW3thdXEoH9ErokDGMdUeTsAkuJ6MZOU/RvMNxgdrjnBOPfBSKTlMZJOuUKsjla4fMDoM9f8AgVHxAztKF46WPoVuPw8qPh8egvs+7T9QbfrZbVrgmLq6FlvmdO7EfIc6den64SIZg+Jjs6OaHe+QsV4iX7GKCnecMPm9Xf7fzXnjHlhDhuF9BSU7ZwYni4Oh8uazt7usjnGKCUtxo4t/gFTOL365BJ3TbtSTzI2knrt3TJJXyvL3m5KmU9PDTQthhaGtaLADkE9Szy08zJoXujew8zXNOCt+ZDKTI4Yc88x9ysHZ4XVFyggJJBdl3qBqVu9T6rY8JxOAkk5aBeOfi1VMLqamHzDM7yBsB62PojZM+GUPYcEFd3lu34PhrhaF7uV8tH8Uj3wuECnlkPlaTldV8RqOqbUcNRQ5aILVHkDuf/xXtfke5oJ6/svMcOL42vcB0/ddPsFzbLG3DsrRxyB7c5XN+DviCGPnznAW9oS7lCongA6LTROLm6qaNkaLOiCaipRROOhRJmvqqaipJKurnjggjGXySODWtHqSuE2TmtLiAN08Dos7xDxpw/Yq6KiravmqZCAYohzOYD1d2/j2C5b4m+NDIIJKOwSfhoC0h1Y8Ykf/AKG/l9zrrs3GV54vfFlwrapz6eWWIF2S8uPO49SSqmoxIMOWLU9eS3mD8FSTN7WuJaDs0b/Xp5b+S972+tpa+lZVUU7J4Xjyvaf+YPopAPdeMvDPxbulhqWx1czgzQGQatcP329fcar1DwRxzaOJ6eIRyshqnjIj58tf6sd19t9D7qRS17Ju6dCqrGuF6nDryM78fXmPMff9lrEeUlDKnLLo0ESHRJJDZFuNEeuUlJdXiQBLbnoklvK4g7o240ytkFgClo8jbHskg4H1R5Oey6uJRQykjY4GOiejp55v7qJ7/UDQJr5GsF3GwRIoJJnBkbSSeQF0qCXkjJ21TElWDK1h1y4BTm26QRYmeGYBJDRn/bCqLhdrTbmltG4VFUdDg8wH/wAtvssviuNU3ZujacxII029V6bwtwPixqYquVvZNY4Ou7fQ3+Xf1sri63v8HZom8wY8N5M7H6DfK51VzS1c7pi04OjQdgOyuoqGpuNQKm6Pc1pxyR4xoR07K1no6KopGxQwthmZksIHzjq31PUfUdlhvNe8gC9hzWMbGSPlI9CliMDUgadFbVFLyHlc3AzoRsUdptc1yuMVFECeY5c7l+VvUroaOSTu6NVd8AcPz1UUlxLXBryY48jcA6n76fQrf27hhziCWkq54PtlXBROjoKB1XSUUbTKGDJa3bPqt5w5HbrlFz0sjXOA8zDo5vuFrcOrmR07Ymafc814XxXhVTUYjJVzat2FtbDkD06+J2WOt3DAGB8P9F0Xiezie7wZGfhU0bB9Ap9NbGNc0cu5HRXVziabjI7A0wB9giyTOe65VFHTsYLBUNqtghxytwFfQR8gRxNa0aBOg+ibe6MAAj9UEiWWOGN00r2MjYC5znHAA6klcc8TfGamt0E1Lw9I0FvldXvbloP7jTv7n6A7oE9RHA27yrPDMIqsTl7OnbfqeQ8z/Cug8bcbWXhWmzWTfGrHDMVJEQXu7E/5W+p+mdl5k8UPFO43ypdHPO14Y7MVLET8GE4xk93anU66nYaLC8U8W1t2qZXRzTH4jiZJpHkySE7kkrN46rP1NbJUabN6L1rBeG6TCgH/ADyf5Hl5Dl57qRXVtTWzmeplL3Hodh6BMc2uowgThqLTmULZaDfUpemc4yVecL8SXGwzsdRzExZ5nRO+UnuOx9VQt9FoeAuFLtxlxJT2O0w88snmlkcPJDGCMvcegGnuSBuQntaXGw3Qp5GRRl8hs0b36L1x4C8bycacNVEszpHy0cjY3GRvm1GcF2ztt9+66Pqs/wAAcK2zgzhmmsdrZ5I/NLKR5ppD8z3ep/QADor/ADplaqBrmRhrzcrwfFJ4airkkgblYToP513R5QRIZRlARoifVBBJJeQKmyT/AIh+AcEpMdjqDsHBdgksDXSE8n6JTOH2jZm3orP+oOsqj+ksvdcjisEx3BwmHUdKxryJQ5rNS7OG/ddD8UqZ1k4Gr7jE3BZyNcR2c9rf1zj6rztcLrWVuBNKeT8rBo0fRU+JY3PEQyM2J5rdcI8GUNc11RVXLQbBo0vz1O9teS3NTfbFbieQtqJB0jHMD9Tp9lT1/HFwkjP4WligbtzP87s9+36LHE82udRsjyTgY0B6BZmaeWY3kcT5r1ikoaaibkpo2sHgLf7U64Xe4V2tTVySj/Lzco+w0VXPUPi5ZWEBzXB3uQnHHI+qi1GreiG3dSZCbLfWu5RXGhZPCQ0kjy52I3B9UHzkAOa1zSN8dDvnT1WM4XF1bWObQUVVVQu0lZFEXY9dBotHUyOBMbmkPaSHMIwQRvn1XXDKmQTNkJbfvDcLRWuGlvT/AIbyxsuMvZ/m/eH/ADqthZLRS2uk5ado5nfO8/M7tn2XJ6erlpqhk8Lyx7CC13Yrp3CfEEF3pBE8tjq2Nw9n8wuRkBNrA8tuDouheG/ErOG7/wDiahrn0k0fwpw3UgZBDsdcEfYlXXinBQ0dbbuJeG52Rx1odzPgdgF4wc46E51HoufAOadUtxJj5ScjopTZiI8np4LOyYcx1UKlpsbWcOTh4ro3CPH0U0sVLe+SB/MAKgDDDr+bt77ey388sc9Q+WKRr2OdkOacgrm/hlZrDxLY6+z17Ayvjl+LFM3AkDSANO4BGo9QqY3K9cA3+e1TSCemidn4bj5XNOoc3tlWMVS9jQ6TUHn7rJ12DQVNRJHS92RuuU7EdQuyN2VJxfxZZuFqQTXOo/av/uqePBlk9h29TgfVc7408ZqKktfLY48VDmftJ5wOSE+g/Mf0915w4u4yuF2q5ZhUzSyyHMlRI4l7tMddh/zRcqcTazuxan9FKwXgqeoIlrrsZ0/MfYfzxW+8VfFq5Xp76SR4ip8+Sihd5RroXu/Mdv5ALj9yuFVcJfiVEhd/lb+UewUc+YnJydySd0WB0PRUb3ukdmeblemU9PDSxiGBoa0ch/NUWddkppaclxIPQAIdCiycYGPsmoxCPGf6IuXGqMZG4TlPBJPMyGKN8kj3BrGNGS5x2ASXCbbqVw/aa++XimtNrpX1NbVPEcMbep/kBuSdAASvbPg94f0HAHDTaKP4c1ynAfXVTR/eP6NbnXlbkgbZ1OASs3/Z/wDDOn4LtDbrc4mPv9Wz9oTg/hmHX4bfXbmPfTYa9YBBWgoKTshnfuf0XkvFXEJrn/DQH+2N/wDkfYcvXolZ9UaSjVksajyh1RZQykkjygcIsoJJLO/hWdkoU0YxoFJA0yAjA6pJ11U36xW++WWrtFwiL6WqjMcgBwR2IPQg4IPcLzvxT4CcUUNUTYZ6e7UxceTmkEMrR+8HaemQemwXp4NSuXso89NHP8ytcMxqrw0nsTodwdQvJdL4Gcfzn9rQ0dLrvLVsP/1yruh/s68SPcPxt+tdO3r8IPlI+hDf4r00G5RluATugNw2Ab3VnJxjiT9iB5D3uuFW7+zxYoG5ud9uFYe0MbYR+vMVNHhjwdZ2/wDb2eOZ4/PUuMpP0On6LsNQPKVnLw1pzsn/AA0TPlaqybG8QqNJJT62/ay5xWUMVMBFTwxxRt2axoaB9AsVxvww6vYbhb2Yq2jL2D/GA/8AIfrsulXeMF50CqSwcx0229FDmjDtCu0NfNRzCaI6j9fArz/M5zXFjm4e0kOBGMeh9UdPXT0c4np5HRyM1Dhuuo8c8Fx3djq63BsVwGpbs2Ydj2d6/Q9xyOqp6iknkp6uJ8M0buV7HjBaqqSIxnVetYTjMOJRZmaOG46e48V1fg3i6nvDG0lUWxVoG2wk9R6+i1Zw/bfsvPccj2Pa5jnNc05a4HZb7hbjeR8LaOvdmUaMmOnN7+q4H23UmSlzG7Fu33SWz1DayGokgnjOWOidh2fRZnxL8Ram9VjKq5fD/EMhbEGQjBfjOC711/2WV4julXA6SOIvJkJd8ZxyRk7DssfMJHPL3kuLtSSdSmmZxGUHRTocNhicJiLv69E/dLnVXCbnmf5c+Vg2Cg+2UojoQiI2DUxSHAk3KLTfRDOD8qPAB1QdroMfVJNshsPdADujHYFDGmV1cQGcnB0XoL+z/wABx2kRcVXyJprHt5qKB4/uWn/EP7xG3Yeu2T8GeA/xj28S3qn/AOyjOaSF4/vXD8xH+UfqfTfsrqp/No4qxpIQCJHfRedcV8QXvRUx/wCx+w+/p1W8pri1x+ZWkFUHY1XOKOuc0jJytHbK4uwCVcsluvOS2y2LHhw0Swq6jl5gpzToEcFMS0MokF1JGhlEEAkkq0BKwjxnojwknIgNUMDukySAblRJ6oN3OFy9klML2jdNSztA0KqKi4tGdVXT3QZI5kwvAXQ1XVXVgNOqzlyqQ5x1UWsuRwdf1VPV1pcd1HfKERrUi4vDiVXYycpySQvOUQb16KK43KKAktGCsz4i2Sw3C0uq7jOyhq4m/sqgDzOx+QgauH8PvlzifiumtYdT0gbU1Y6c3kZ7n+S43xTxLVV9S976l08pyC7PkYOwGyiyzNAy7rX4Bw/WSPbVFxjaNjzPkOnmq2J7Xg9C3RzDoQjOmMaHuqR0kwn+O2Q/F6k659D6KzoatlTlpHLIBlzM/qO4UEt5heiMlBdlP+1fUVw+MxsFZyu6NkP8D/VHV27lBfEMt35eo9lVOLS0ADBGeZ2d1Mt9xdFiKbmdHsDuWf7eiA5ttQrGCcjRyhyw5OmyY5HArRVVIyZvxInND3DIPRyq5YS1xY9ha7suAqWWB2ygOaBr16IuU49VJdG1oyQSU9arbWXKoEFLCXuPU7N+qeNVHeAwXKgtaThoGSdgF1Dwu8N6mtqWXDiCAQ0RHM2nePPJ2z/lC6Pw94QQ8H2ahvVwibV10zA5z3DLYSegH81oKDJn+isYaTKQZPRea45xeX5oKLQbF3t7qVVhkVI2KJjWRsaGsa0YDQNAAFW5KsbhpDjuoMTC52B1U5ef3S4GOc7RaK0QvGDhQrbRlxBwtTbaTlA0R42IbirCgaQ0KyZsmYIg0KQpYQ0YQKJBdXEaCL3QSXVDSX5DUv1SJBkJJKvrZS1pWbudcWZ1Wir4yWkLMXOifIScFBkvyRG2VFV3RxJHMVEFVNJJ1VkbSS45apFNaiHfKopa8olwqktkfvlNupJHO2WqiteN2rL8acU2vh5r4IuWqrQP7tp8rD+8f5Jr2hjczypNHSz1koigbmcVGuBp7dTmorZmxMGxPX2HUrm3GXG2WOipZDTwajP+I/27LM8YcZ1NxqnSSz/Hm1AAPkj9gsVUTyzyGSaRz3HcuKq5akv0boF6bg/CsFDaWps+Tp+Ue5Uq6XSoqyWgmOLPyg6n3KqnjKcz1QcowWpcS7dMFgLtTgd0w9pDw5ji1zTlrhoQpTh6JpwyntcossQKlUVfzOEU55ZDsRs//f0U/OSQNB6KhkjDgQ4ZCkUla+FwjqHZZs2T+R/qk5t9QmxzFhs/br7+6v6KulpTyjL43HJaT/Dsr2KKC5Q5iHP00GrT/JZYODhnIIT9tr57fUtqKZ/K9p1HQ+hCAWXViycsC2Nn4MqqqcOqnGOn3JHzH09FvrXaaO3QtiooRG0b9yfUqn4N4norswQvc2CrA1jJ0d6havlaRzDopDAANFU1k8sr+/t0XdOA7nTcW8GmgqyHVMLPhSg75A0csI+3TW+9VFHMMOiOPcdCsvYL1cLFXfjbdN8OTHKWkZa4diFd2e91l5vM89xlD55ACMDAx2CtGVLXhrXbrzbFcAkhdJPFbJvbn4qZdI/2YGDuhbqTncMhT6unMnwxjqrS10eGjIUpjLlZclPWyj5cZCvqWHkATdJAGgKa0YCltFkIlKAwhlAoJySNBEgkkgh7IIJJKL9UCM+qCNJJMTQ8yhS0YcTorTfdFgLlrrt1T/8Ap7c7JqtFHbqWSrrZo4II25c95wAFC4544s/CtM4SuE9YQTHAw659T0C8zeJHiXcr9VO+PN8QNJ5IGHEcf9SoNTWRw90alajBOF6nErSv7kfU8/Ic/PZb3xL8WG/BkpLI80tNq11QdJH/AOkdP4+y4ZeL9VVvOxrnMicckk5c73KrKmomqZDLUPLnH12TLj1BVHJK+U5nlep0NDTYfF2VM2w5nmfMonZzoEWe4+iMDTVGfdDUtJA1zhFjqjGB7oY11SSSHa+ybIUmOCSaQRwxukedg0ZK13D/AIbcQ3XlfNCKGA6882/0bunNa52gCiVVZT0rc0zw3zWFLC4hrQSScADquh8CeFtdeAysvfPRUR1EeP2kg/8AELpHB/h7ZLAWzuZ+Mqx/iygYaf3R0WwG/spsVPbVywWL8VdpeOk0H+R+wXOeK/C+3y25h4cjFJUQs5RE5xLZcep2PquQ19LVUNTJSVkEkEsbsPY8YIK9TaZVFxZwtauJaQR10XJO0fs52aPZ/UeidLTh2rd1FwfieWltFUd5nXmPcLzjHKYXiRj3Me05a4HBB7roHCPiGYwyjvgJboG1A1I7cw/mqDi/ga9cPSukfE6qo86TxNyMeo6LIyP6DQqEWOabFb2Otp6qPPG4Efz0XpOnq6ethbPSzRyxu1DmHIUq21LqSsinbuxwz6915/4O/wCpZa9lPYDUulcR5I9W+5Gy9NeGXBF15I6vimsbPMMEQRtw0e56o8UMkh7qpcQxSjpWFshvfkuhRwCRsMgbo4ZVvR04aNkbYA0sAAAAU2JuAtA1tl5S43OiUwABKRIIiajO6GdUSCSSNBEhlJJGgPoiRpJKMhpnRAeqCSSNYXxn4lruGeHY6mlcIWTPMck+MmMcpIx7rdKPX0dJX0clJW08VRTyDlfHI0Oa4eoKHI0uaQDYqVRTsgnbJI3MAduq8J8RcUXC6yPa6aX4TnEkvcS5xPUlUGhGSdV6W8UPACmqmyXHg2QU0urnUMriWO/0O6ex0Xnm+WW6WSvkoLrQzUlQw4LJG4+x6j2WcmppIT3h9V7PhuNUuJMvC7Ufl2I+nsq8jJwQcb5RtAA9ErBA67J+3W+uuNS2noaSapmcdGxsLj+iBZWbnBou42UUZ5sIHGMArqvCXgbxTdOWe6ujtFOdf2vmkx/pH811bhvwn4N4ea181ObnUt/xKk5bn0aNFKjopX7iw8Vna7iqgpbhrs7ug99l5u4c4R4gv8gba7XUTN/9zlw0e5Oi6bw/4KGNrZuIbiAd/gU+v0Lv6LtU1VBTQiCmjjhiaMNYxoaB9Aqirq3SE6nClNpI2fNqsfW8XVtRcRdweGp9VS2nhuxWRgbbrfFE4DHORlx+qn/VE5xOuqIbZRbAbLNSSvldmkJJ8UrTGiMbIkAkho0Y7dUnYI0kkpjBKfhkBwdpg7FPN8KOGrsfxNVZqcyO1Lmt5c/ZLtLPi3GCPu5ditttLaSMZxootS9zbZRdHhkMeocR5LCcM8CWmww/DtlBFTtO5a3U+5Wno6IwnZaOOjaxuuqYljbg4CfTTyAgO2Q5SJLm9yq7GD2Tg22SXn9phKGyuxsoaNA/ogiJ6rqSPKPqiRZSXEY9kEWUfVJdQyjRZQSSUfXoh1RDfdAZykklAo0nujzodlxJH0VBxdwtYeKbe6kvVBFUNx5XkYez1B3CvJHgDRQ6icNGcprgCLFEjkfG4OYbEdFx+2eAXClHcnVFVW1lZAHZZA4hoHoSN10Sz2ew8P04htFspqRoG7GDJ9zul1taAThyp6244GOZR2sji+UWU2pxGrq9JpC5WNfcQ3OCqCtuBdkByhVVY5x3UFzy46oT5SVFDU9POXnOU1nOSk57o84xohXT0oI/ZE3JzpqnY4nPIGCkkkgfdLbE4jZTqWhc7UtVpDbtPlT2xkppcs86F3ZIIIWlltxwfL+irKuic3OGrroyFwOUa1P+HcYHZ2eF3S0SCShjdnouDtY6KZrjnQgrsvCtSJbZGc58qiTaEFPtcK9efKVCeAchPl+iYduUG9jddY1VlSOSbPRBuyermaZTA2wryB2ZgKjPFilfVEhnugNUZNRoIhsgdUkkEMoBAJJI89NUB6oso/dJJRtkefREOyH3SSR5TUkob1RyEgKvrJCGrhK6hU1QbnVVVfWgA4Kh3GpcH4BVTV1DnZCjPk5IjWpNwrTnR257qpmnc49UK155wFHwSR6qK5xKKAlE511Q/RLjhe87dVLgoXkjRcAJSvZQ2tJOACpMVO9x23VrTW0nGitqW2Yx5UVsRKYXqipre52DjRWtJbdvKrymt7Ru1WEFGB0R2xAJhequkoMY0VnBRgDZToabGNFKZFjdEJa3dN1KqJqMEbKtq7bzAgM/RapzYwNcKPM6PB6qNLVMGgRWROO6xE1ldI7bC1vCuaambE52wwmp36Ya0BMUU7mVGHHTKr5JC9SmxgBar4uqkwcrhkqnE2WgqdRS8wwgP0TXC4U2RsLhg4TBpoDthJn7hRHOc0/MR9UaOd7dimdkCFKdQxn5Sm3ULhs7KYE8rfzFLbWSjfVSG1kgTTAETqSUHbKQ6GUfkKkNru7U42tiO4wiiuPMJhgKgFrhu0olaCanfoS1RqyOPHMxSI6przZMdGQoaP2RA90OilIajk4KHfVZmfiKnY7HOPuptuvENSRyuH3RTC4C6C2oY51gVbyDIVfWMLhoFYtdztyEiSPmyCEEhHBWTraQuk2O6raqjOuAtnNSgu2UOoogR8uUB8d08OWCqaKR022E9T25xIyFqXW8GTOFJgt4H5cIYhTi9UNNbdRorWlt2B8oVxDRtbuEVZLHTRnJAwjsiQ3PtqmIaWNgwVOghZuMLD3jiuCkkI5wnLTxjBKQDIPupzaNxbdV78Qja/Ldb9kTWhSIjGN1nqW9wSsB5xr6qdBUNm1a7IVfWh8TdFPppGSlWclQ1uQMJl1Q86DQJkdkQ7KnLi7cqwDQNk45zjuSUhyPKS46Jq6o8wGFAl8kzSOmisZRlQKsaZ7JJwVrTP5ogVPt78PAVPbpOZmFPgfyyhMd8qarqXVuVCfupbTzRBRJfmKawpo0TR0RfVBEUVOQRhEgD3SSRp1hLmYznCZyO6Ux/LkZT4zZwITHC4SScEhDrogTkogVejZQF5ZqL/VSPJ5yfqth4c3eonl5ZHHRy5wB9PZbvw0YGSAnclaGpbaMrJUZ/vArududzUzSVJzpqoVse0UzfZSw8fVUBGq1gNwgQCUl7AeiVnXRBx1TCuplsA5s4TzY2tGqJpAOSVXXa5x08ZPNjROa0nZcc4NFynLlXxU0ZORoubcZcVNja9rH69FD404rDOZkcnmPRcwuNbJVTmRzs59Va01L+Zyo62uv3WJ+6XKWrnc9zydfsmaavqIMcsh+6h5ONUZ79FZbKmOu61No4lrhLHE0uJJwV2PgusmliaZM6hcb4KoBLUiVwznZds4fijgp2kjGAqPFA2QZQtBg7HR987LSBzR1CIvYDq4KsmqgM6hQp65o05lnfhXLR9sFoDPEB8wTD6mLm1ePustUXDH5z6aqvnuR6PP3TTTkc0u1C20lZTgfOPuoFVW05BHMPusVNcHk6PKjPqpXHR5XOy8V0SLf2isjfJytPVXjDh4Pqub8MVTo6wNc4nJ7rokD+eJrh2QXtsbJ4dm1VvHUBsP0VRcbs2DJIU2DzswRlUvElDK6BxiYTp0Q2AB2qR20Uc8QtcfKlC9OdrlYWeWpp3lskb2kHGyOO4v25ipzY40Evct4y5Od+dPNrs7uWGjubupUiO6/vIzWRdEwuetxHVZ6hSGS56rHUlyDiBzK8oqoOxqpDGs5BDcXc1dtORlHsmIH5GpT/VHQ15OFK7mxykLc8FQmB7MgjUJult8UjskBaK2UYgAIbhaqRoIssFFI4G66Banj4Dc9k5WTCMktcqS3XIRM5H4RV9a15GDuq11MCVbsryG7q4gqy45TxrGg+ZVNC/8AZ8wKreIbk2CJx5gCAgOpQTopjMQcG3KubneIoYiQ/GB3XLuNOK/nZE/JOmhVTxFxPI4OYxxWIqp5JpHPeScqVDSBmrlFqcQMos1LrquSplL3uJyowOqHrqi1zt7KYq5KynaZhkkaMaJjGyvbFRmR7SQUGeURsuj08JleGhbHg+ARtYcLctrxHEGA7LL2aB0UA01U2RshHVZeacvcStfDCGNAVhUXM5xzKvmr3uJwVEma/m6psMdjYqKXko4aE6+okeU0XOJ1JRiN/ZGI3nPlTNSnJPVO00ElQ/lYM+qVTUr5ZQzG+62lktEccLXOamPdlTmNzKmtdqfE9srgc9VsqKVohDc7BRqiIBnK0YHoq51YacnmJCjkkm6kZQBotVQzj4garsNhkjHMAQQud097iZM0lwxlbS1V0VRTgtcDohPBBTCLpu42Giq2kFjST6LG3vgtzOZ9Jp6dFu5XkO5mux9UqOoB8soBHdEa8hcLbriddRVNHKWTxlpzvhMcxA3IXX+IbRS1lM53I05HZc4qrSYah0eNAdFKjJehOGVQaOVwcNVqbRKSAqantzg8ZBV/bKbkwMKXECEJxC0FG/IBU0HRQaVuAB2UxugUsIK89Wq7hrg1xwVqrfdI3MGSCPdc/qqRzXEt0PomoK6qpHgElzVo46iOUaFYyailhOoXWYpmPGhCE7sNJWBtvEQ0a52Cr2O8tkj+YFGAUU6KwqL3JRjAdosfxLxHLUczWk5U25vFSCAVmq23vc4nUp3Zt3TRORoSqGoe+V5Ljp1TWuVYy0T25JZoEw+Ag7FdylFEgUUDJ7oY11TzozjQJ+io31MgaAcZTSLJwcittHLUSAsaSM9lu+G7W5pbzMwr7g3hqM08Z+GDoOi2o4ebFTgtZg+io8Qe52gWgwxjWi5VLR0WWgY9lLbbsjVqt6KjLThw2Vi2mGNlViNXZcshPbM7BNNtn7uNFsXUYPREKIDol2QSzLJC2Z3anBbP3VqxRjslijaD8qXZBLMs1Q2/knDuVamnY1sIb2SRSAa4SnkxtwgzU2fZEjmypipLGA5WR4jnYQeUgFXV1neQcHAWTuXmcSd1HNNl3Ru2vsq6ASPk1dpla/h6vnp2BjiSAspTkCRaG2vacJ7I2u0KG5xC21JWCVoPMMqUJAeyoqF7cbqyieMDDkQ0jDsuCYhSppSIi0ZwqOej+JI5xG6ucB25yh8NvZFipxGmPlLlTMoBnPKpcNMGkaKfyNCPACPlQ7puJmAAnENkS6uLg8kDH7gaqsr6FoYSACr+vh+CCVm7rXBjSAdu6jUrZc2idUmMN7yzVwPwZTg4x1yk0d4kiwC5QbxUOle7lICqPivYeq1cWYNGZZCdrHvOVb+jvLH4DnK1hqYpRofouZQ1mOuFZ0d0kYR5sj1Rg9Q30/Rb11PFICcD+qiVFrDvM0aKqob4NGvdjpur6iuUUuMlEDgozonNVW20SOl2OFo7JZw0gka5UyhdA/GxV/SCEDLcZTXG6cy/NX/CssdOxrHgLTvqY3twCNlh4zy4c12qlsrJmjR2yhS04erGnrXRLTxFpfphTQNFQWyoL8ZyVeQu5mKomjyGy01NP2rLpeNOiGBjKCMdkFSUOiHTZDokvOBlJJIlkwCq6sqcDdP1UmAVnrpUFoOCmOdZOAUe51IOdVnqyXJOSnqqWSRxABwmmUj3nUFRHuLkUCygtd5gRndWNHVchAyltt5I+VD8A5o0BTQHBdJBVzRXADA5lbUlcHdVjxDKzupdHPK1wBRWyEbphatzTVPNsVNY/IGqzVumc4DKvKZ5IGqktddDIUv+CLOmqIE4Qz3PROXEZOOqL6okSSS//9k=','finalizada'),(19,'Ayudanos a repartir canatas en Lurin 2021','Descripcion',NULL,NULL,2,'materiales','2021-05-09 07:18:36.686136','2021-06-21 12:32:36.000000','data:image/jpeg;base64,/9j/4AAQSkZJRgABAQAAAQABAAD/2wBDAAUDBAQEAwUEBAQFBQUGBwwIBwcHBw8LCwkMEQ8SEhEPERETFhwXExQaFRERGCEYGh0dHx8fExciJCIeJBweHx7/2wBDAQUFBQcGBw4ICA4eFBEUHh4eHh4eHh4eHh4eHh4eHh4eHh4eHh4eHh4eHh4eHh4eHh4eHh4eHh4eHh4eHh4eHh7/wAARCAEAAQADASIAAhEBAxEB/8QAHQAAAQQDAQEAAAAAAAAAAAAABQMEBgcBAggACf/EAFAQAAECBAQCBQYHDAgGAwEAAAECAwAEBREGEiExQVEHEyJhcTIzgZGhsQgUI3JzssEVJCU0NUJSYmOCo9EWJieis8Lh8Bc2Q1NkknR18Tf/xAAaAQACAwEBAAAAAAAAAAAAAAACAwABBAUG/8QAKREAAgICAgICAQQCAwAAAAAAAAECEQMxBCESQRMyIgVRYXEUQpGh0f/aAAwDAQACEQMRAD8A68m+PiIQb/GZr6X7BC85/mhu0fvqa7nfsEL9jloRrP5Im/oVe6KUpQu6x8176pi6qz+SZv6FXuilqRq+wP1H/qmFZDVx/qw1S/yVU/mn6sVO7sPERbFN/JVU+ar6sVO7sPEQMRq2zofoTH9RJb6RfvibGIZ0LaYCldPz1e+JmY1x0jm5PszQjeGdSHYHhDwwzqXkjwiS0LWxo7+UXfo0fbEL6cf/AOdTo5uMj+ImJm5+Unvo0fbEL6b9ej6aHN9kfxEwp6YxbQnP6SyT+wP1Y5boYzY0lBzqKf8AEEdRVDSX8GD9WOYMMjNjan99Sb/xBC47Y30dzMeaR80RpOeYVG7Hm0eAjWc8wY1vRkQJcPbZH6qvfDOqbN+MO3PPtfMPvhnVf+n4xnehq2BqtqwB3xZbAtJtj9URWlSF0IHNUWY1+Ko+aIvGXLZhPkiMx4bR6GgHlbGBEwO0fGC52MCZgdo+MQg1UI2YHyo8Y8Yy32VXiyD6flg61mSO0BAVSCDa0SJhwONiB1Slsi86RoYogKUITUmHC0wmoRCDdSY0Ke6F1CNCIhCVzp+tCDP41N/S/YIUnTr+8IRZP33OfTf5RC/Y/wBCVb/I839Cv3RS9DN32B+zfP8AdMXPXD+B5z6FfuilcPnNNMD9lMfVMBM0YH+LDdPNqVVfmn6sVO4dB4iLUkD+CKse5X1YqdxWg8YCIyL2dH9C5/qFKfPV74mcQroW/wCQZT5yvfE14Rqjo50/szUwyqfkjwh6YZVI9keESWgUM3fym/8AMR7jEM6bf+RHRzmWB/ETEzd/Kj/zEe6IX01/8kKHOblx/ETCpaYS2hGon71J/YH3RzFhAZsb0sDjUmv8QR05VdJNX/x1e4xzHgnXHNH76k1/iCAjtjfR3OyPk0+AhOfuJcwo0ewnwhKoH73MaGZ6BC9Xmvoz74Z1Tym/Ew9X51r6M+8QyqflN+mEy0GgRUN2h+uIstH4sn5oitJ/y2B+0HvizE/i6fmiLxkezA8kR6PDaPQ0E8djAp/c+MFVbGBb+5iEGxjwjJjwEWUKyjxbcsToYJLSl1ux1BEBjvD+nv3GRRiiwdNMltwpIhsoQdn2A63cDUQHcSQbRCDZQjQiFlCEyIsgfnzr+8ISY/HJ36b/ACiNqgdf3oTYP37O/Tf5RCfY70J10/gad+gX7opPDSrzkvb/ALMx9VUXVXj+BJ36BfuMUhhc3nJa3/Zmb/8AqqBlsfhf4sOySh9xque5X1YqVavJ8YtaTV+BKwe5X1YqJatE+MDEZF7OmOhXXAEn3qV74m0QroTH9n0kTzV74mhMaY6ME/szUwyqXkw8JhlUj2R4RJaBQ0e/Kcx81HuiF9NOuDkp5zsuP4qYmjpvU5j5qPdEM6Zf+VWBzqEsP4qYVLTCWxtWTaSXfhLK9xjmXAeuOqL/APZM/wCII6Zr2kk6f/GX7jHMvR9rjyif/Ys/XEDDbG+juZvyE+EJT5+QMbBQS2CTbSK/6RulHDOFErZnphS3EoCylopURe9tCb+q9rxoejMtkpVfrWvoz74aVLVTfpigJ/4S9LTMt/E5CaXkaXnQ4hIJVbsgEHa439kBqV8Jmcm6stufocumVCrJKFkLSm1yTe4V7IS02hiOgp9J66X+lHviyR+Lp+aI55oPTBgyvzLDXx9Em6lYKg8bAa667R0BJTUtOSDcxKPtPtLSClbagpJHcRF40UxYbCPR5Owj0MKMK8k+EDH+ME1eSfCBj0REYgqMtJzG0YVCkr5Y8YsoTebKF2MYbUUKBEEpxkLbuBqIGEWNjFFhZhwOtjnDCoy+VWdI0MYlXS25voYIrSl1u294hCPLEJkQ8mmi2sgw2Ii0UE6krf5whKWP39P/AE/+URVX/G/Cs8myUzTaisXCkDQc94PS/SXg9upzaDW5ZXWv3StKrptlA324Qi+x9OiZ4gP4Dnv/AI6/cYozCKgZ+VH7GZP91UXFP1WQqWGJ6YkJxiZaMsshTSwoeSeUUlgh5LlTlgD/ANCZ+oqJLsZidRZJZZX4BrR7lfVEVApWifGLZl1Ww7XPBX1RFPqXonxgYjE9nU/Qmf7O5D973xMyYhPQkof8Oaf+974mZWkcY0LRjltniYY1Q9j0Q6LiOcMqooFokHYRUtArY3Wb1KZ8Ee6Ib0yH+rUnfjU5UfxUxLm156hNnkpI/uiId0zn+rciOdUlR/ETC3oJbEMREfc98/8Air9xjmXo61x7RCDtPtH1LEdMYk0pL5/8RfuMcuYDmkymMJCbUlShLvh2ydzlN7eyBjtjPR050wdIqMOUq0o6EhR6tTqk9x8nUZjewNtr91o4rxRV356cfXOPKeUdWwryrW4945neJt0yYrqVfxA9MzTzAaKrNtpJUltG4ANgO8jnFWOIXPVNmTaaccfeUEBKTrcm1oc2LjEaykjP1N5DEs24paTcKAsLHThG81RJySbeRMIdSb2Su5AFrC3hr7I626OOjWkUHCiRMsNrn8vadOoBPCInjehyiw4luVQL/nJFvXGOXLqVV0b48FuN32c4jrGXD1ClN5DcKJIJ3152PrtFp9CfTViTB2Ipdt+bceoylBM1KgpCctwCpNxorTuvtfiK7xY09JVBxKnVqCgUm+uhFtIAuOJTdCSFKzaqGxHO0a4yUlaMM4uLpn1SwRiqi4voTVXoU4JmWXoTYgpUN0kHYiDojlH4DWKHJiQqdHmZjO62ttYSXDcpN03taxt2bm99RccY6tEEAZX5B8IFvbwTX5tXhAt46xERiKoVlfLHjCJhaU84nxi2QKW0hhOs5VZgNIIcI1cSFpIMUQCnQw9kX79hR8IbTDZQsgwmlRQoERZAhPshxu43EBlpsbQbadDjPfAmY8sxEUz5/wBSUtto3cyk6kA7wFYqzzCXAlxZUTbLbeFqq68tal2sDACecDZSoJOYDeFUP8qJ/wBH/SNVcMzjpadJlJltTT7Cj2VAi1+4i8WJ0cYtpKK9LIenkJzNPIBVtdSFAD1mOaRNvLcsgk6wTo08Ez6AVEAKGt4jiGpnZ0q8FYXrikm4sux/dEU+pfk+MTbCOIKdN4LqMszONLeWx2UZ+0ewB9kQEr8kHnAQDR1X0JBR6Oafrvm98SqYWtKyCYi/QarN0dU0fO98ThcshZuYetGSS7ATjyspsTvGVrKpFwk3tBCbl2EsKNhcGGISlUi4BtFPtEQjIkmdnT+0T9QREumk/wBXqcOdWlf8QRL5BP3zOH9oPqiIv0ty5mqbRZYGxdrUom/L5UQElSJHYOxWrLQ5k/8Ahr9xjkpl1crIOTgykqChfMQsW/R039IjrLpNdl6ezP09Ll1CTXlCjqRl/wBY5HrhWmSbaRkQnLtf16c7X9XdAQ2xy0RutvqfIUq+UJzk/m77X48BEs6AMMzVUxDPV+Zp/wAeZpLRUhlKgOtdN8oudNufOIHUZtCSpMsClBuQtRtc27/XHQfwbHW6F0YTlYeCX2ZyZXlSgXVp2bEczuB3wHJl4wHcSHnlRujFE/UMZNyVMkqpSAp7L8Tcspo237KSUjxEB8S1ipTkxNSlOkfjaJdZadWX0o7XG194stU4qmYcn6xUac1TJhSc8v1o7eUjirYHu3Hpij5KWTXJKdSHQ3MJe6wrzkFIOuluH++EYV3K2dOUXGNJld9IReRYuy621oJCgqx9oNohzby0OtZSFkJ23tfeJTjpr4vIFhc0uZWF6rXuYhiFAJIJ1I4R0sH0OPyfudA/A0xIKR0nop632mU1JsIzLIAUtNylN7cbna3Dwj6AoN0gx80fgxur/wCLVHklPqalp4rlZiygkrbULlIJGl7DbXkQY+ljAs2B3Q4zm7nm1eECnTqYKO+aPhAl06xaIaQrK+dT4wjC0p55PjEIFhtHo8I9FEG84znRcbwLcBBtBswPnmbHMBoYhBo06WybQi4rMomNlC0aGLKPndUkOqBsTaI3OkoUcwzcIls8kkKSSSANLRFqgiyybm4OkAhoDmLodsCUXOpBjDLikzAsonWFJ4JNjsQNTzhKSYU4HHQ62gNpv2jqe4d8WRFodGFTYlplxD7S1rWgoaIOiSeMS59xIUgDSx1iKdG0k0mmOVB8EuIauBbjsIN9cVlJJ1JvC1s0X0dYdCNZkWejunoW7ZaMwUO+8TZeJpEGwPtimOh+SnX8Fy7jUu6pClrsQnQ6xNW6TUFby7g8bCGoyy2Sebr0q4yoIsSTxMDXa622gtoSjKd94Fqk5lJCS2b+MB6/18kkFcs4q+xBhqimgSRzOLKfS2pmamUrUlSswCBrsB9kRus4xpWJ5fDz1PUoEV+VQpC9FJIcEQLGT1XdfmqYyxbqiErUTzAP2xXk45VcKuSNRaUA61PtvoC9UFaTcXEBKFhpLZe/T7KplJn7qreGR6WfbKdrWSI5Oxa4PufmbCyHBYG+if8Af2R0T0zS7tSnpyYmKgibZapxWoNr7KXCkGwFzbaOaqpMfdBrJLIIcSmwayHbTlGaG2MWiDPLULJesFAEJA4R0N8FycE3hFyiPTBatOOTLJAF1BJSFEA8QSm/DURRNSp0z1TagytTrugQlBuB36chF5/Bqoc/JMrXPMJZEqFql1fn/KWz3/8ARMJ5cl4GnhRl8hIumLEcyxLuSEy83UmcvZQ4yAQTppkFuA8qKmps8tEs+4hkMAt5ANjuD6t4snpOlajPOvzzimpjq7pKlaFIHAD/AFiksTTs3LU6YdaIbJGUWEZoSWRUb80vDugDit1uZam1dekKlygEE6qK76D0JiLJF0i9tr6Q4daJpDU24VFb0y4jMdScqUE3/wDcQiLgEXNtB4x0scfFUcTLLydsnnQuh53pDpKpdlx5aHErs0kFSctjcA8dOBB7xH08o6gumsKBUboGpFjHywwXL5qlLPuModYLgQ4lxaUXvra6tE3tbMdBuY+o2GHkvUaXUlLiQEDyzmOwO9zffe5hgsJPebV4QIWe0YLPeaV4QHWYtEMEwtJm7yYbGF5Hz6YsoMRmMCPQJZmNHUhaSDG0eiEAs02ULIhsqDM60FoJ4iA7gsSIspnz6nGicxB9MR2fazKN9+cSmfQAs8RACpNAKVY77WgBpGJ5tGUjNYwwl2ytXlpSRr2tNoLzrKcpvudoRYkVuTTbT6ggG2UnlEuiJWW50NTQmsP19uaQkqTIqU32eQhBteqYWwg2zSaXOqaST1kqto68xaGKFeTAR2xtnY/QO4R0YUs9yvrGJc/MWzARDegc/wBl1JP6qvrGJZMpJSopF4YIe2RxVcbYn1ocF7KtD2rJbqtEU8lNlJNx6IjU3SVvT63Sojt3iXyDKW6IpsDSAuikuyCTEomZq9WcUm/3wkf3ExVvTxKJl6DKKCbXmgPZF3LlCmbqTyRdKpj1dhMQTpFwpMYvqOH6BLlSBM1AF5wC/VtAErV4gA2vxsOMN8/2LRWvRNQ65iUzlLprLriX2y0t1V+rZuPKUe4Dbc7CL/wJ0U4RwVh9yntyiKhMv2M1NzKAVuEcv0Eg7AbcydYm+EsN0fB1BZotHlktMI1UuwzurO6lnio+6wGgAhOo9udS0o9h1B90KpIu7ZVtfoFOpM6A3KMpQ+nrEOBsArHf3wgymWQhapZsBZQSrKN/GJ9XpFipMM0uYukllSkqG6FBQAI9vovEJK04fW9KTvVFeWxUOIPERy+Rg8Ha0zscbkfJGntFU48nClxUllsmaSSFDn/u0VFiOmmabXJAEhJ7Rtxi68WJkqjVJcMthRZvY90CKhQac08hTJSFr8oK3vC8f4DMq8ujm2qUqeR1ciAosIdUpKbDRagAde8IHqhs1IurW8VNL7Nza21o6/peAaUugtJfp7Tz8yvry4R2kJIsmx32uRrxgOOhqmSczMTanHHWHxctHs2F9dRvHXxNuKZxsqSk0Qb4NWDadXsUUwVxx6RbU4l1hSVKyzCheyMyTmQrbW9vK1BsD31TpVuTlES7fkpEcyyuHJOgSjTUi11LbKApqxN062vfnc7x0TgmqqrOGJKfcN3VoyunmtJsT6xDRTQWmPMq8IDOHWDEz5lXhAVw6mLQLNSYcSH4wmGpMOad+MJiykGYzGI9AhHozGI9EIaP+bMA3vKMG5jzZgG95Ri0UzgeeaUQVaZdoj0+jUxOHaBVH7pak3lE7WEEqZ0cPuJQ9PXCtym+0BaNEcUpaRTM22SbJBKrw4SxNzDzDL7YQGyCFW39MXNO9F0hMuJcTNPMKB7WVIIMazPRp8m2lurpBRe2dn+RgZNX0Ojx8iWiOyCgmjTA/ZmBgXoiJXUsKVal0qZA6ubT1ZILJuT6IhSHNEA6EHjEiKacemdp9AOvRVRz+or6xiZuvBCVC0Qz4P2vRNRT+zV9YwexbMuSVLddYBLqzkRpexPGDuhL2ClVBkTa0Ea5jB6UcDlHWsDiYpSrJmEulxb7ynDqVZtdYE/0srtMGSXqcyGgfIKyU+o6QphF7U9CHRUEEbzB+qIdYQpiRWXp5xAPxdBQ2SOKtyD4D2xRlP6S8QS6nPlGFqWvMpKmh2jz07hF/wDR6/OTWDpKfng2H5xPXkITlGVXk6eFj6YNAUFZy7iHUJIzEXTfmNoBqWmYlJWaAIyLGhFiEqFwPRpBQvZp0pH5qrGA9MbzOVOTSCEtuEo13uc32xTYSGVdSpivyr2uVbJHpzf6wExzh5mtYbbKcqJxpVmXDxJPknuMTOqyYm5Rl7XO2Db1QDmyo0ooJILbqVKHdeKlFSVMKMnFpooZ2TMstxpxBamG1FDiFbpUNxClAoa5+qJdfGdpPac1/N5ek2GnPuiddLmHFuTT1ZpzSi+hkLebSPPIF7kfrD2jwEO8I0dEtRpacmiEqfQF5eOYi6U+rU+MYo8d+dejovkr479j6QkVJaD7oCNdrWAHIRtVkJUw/lTolhQHM6QUm/vidU235lNkjkTA90lyWqIA7SWlJF/C946KOW32R6v9W5TEqBFzJg/xE/6xMeg2oo+5U/TnVpT1T6XUZlb502IHhkv6YrWovqcEo2VEJ+KdWofvXHtSIgnSut+TpclMsOLbJcUm6VEHaL9EejsqZPyCvCAq945g+Dl0t1iTxbK4Ork47OUuoqLUst5wqVLO27ISTc5Ta2XYE3536fVFoBmiodU38YENFQ6pn4wIJlINR6MRmACPR6MR6IQTmfNGAbp7Rg3M+aMA3fKMWimU2uWYbGVKE3hmpNybbQVfbJBVxMCndFqTYg8oQdyIg6AAecMX+rUk7gw8fUlI1IEDphxRBypsOcSg7BDsw4FKbcJSAdDfaIbi6gsTaVzsikNTLfacbGzneO+JVUz2Vk7iBS3sqwvcDeCSoTOKmqZ0V8Ho/wBkFDP7Jf11QZxeeslUpOwWT7IZdCKmFdGsi2wnKltTiQP3yfth7idFpcFQ0zEewwT0clqpUVTXwUhYsNiBwMQCtrV16zcqGt//ANixMQpHWKCtr6HhFb1vQLBBQb6a7mEhIzgynuV7E9OozZVaYfS2VAbJJ1PqvvHZgQ0w02wyhLbTaQhCEiwSALAAcBHN/wAFejfHcaT1ZfTdNOlrN6kfKOXTfTQ2SFj0gx0bNLyi8Nj0insBSLqzVpxK923LW5gm4PqjWkdmuTKjchx91HsSfshtUXhI4uYUdGp1vKTwCxt/L0wrILV8YLwIAE+4hXpA/lAssPtJCUlojThEersrkWpxAshWjg7u6JIrmd4YzyQ406FIJsOW8WwUR+orSuQBUkqWFJSjLzvvA6fSTJcOtBAzk2SLGyvTpCcwy8tSitaGkWvqraNWXpSYVLNh0iwXkFgQoXsfbrEQdCU1OhtxDcgjORY9YodlOnAcTCco11NOmVurKnHwrNc6k2hapKZlE9ZcG+lrQEq1fDEopuTlgh3KQXXFZjry5QSZVEILinqk21fRLYJ7oGdLkp1uBEPpAuy+CT3E2+0QQw6FTExNzhBy9YW0HuTofbD/ABTKCfwfMyZAu4hWW42VwPrtBFM5kmnX5KZZnZZZafl3EuNLG6VJNwfWBHenRziZnGGCKViJlKWzOS4U62k3Dbg0Wn0KB9Fo4PqiPLSbgi/jHQXwKsUdZJVnB0yvtS6xOygP6Cuy4nusQk/vHlFoWzoxUO6YPlxDRZhzSjeY3gmUg1HowIzABHo9GIzEIIzXmjAR3yjBua80qAbnlGLRTKhmnwEnKCowEnZgNuZj5XdBCZWkXAWB6YFTikZbAgHvhNHYUhpPTjIllKKgLm1zwvDIzIVKqVfUdm3fAysunI40sWCoQpUwmYlkKub+Su/MRdFqQpOHMgk31gM4bKIJ0JtBucHySinY+yAblicp0EWXZfPwaqsiZos/Q1ufKy7oebB4oVobeBHtET/F7WSnBV/+oPToY5q6KsQu4dxjKTpXlllLDMx9Go6n0aH0R03iwJXRS6CCnMkg35//ALEk+jn8iFTv9ymsTWK1W012tw7hFeV0dWoi6r73Og08Yn+JFAurzaWNttbRX1dBDitbkai9rW90KFIvv4L9MMn0fP1FbakLn5xaxc6KSjsXHLtBQ9EWRUFWQTwiPdGLcvROjPD8v8oSqSQ6UZe1mc7avaowYNR65RQumzbY4FxvQ+kfbaG2kqKpvsB4zYW9SWp1rR6UcS4D3Qxw5NqmMP1CbcBKm6q64lPGwX2R6rRvUsUMPs1GTcps0yltKkKUtBsNN+VoSwsECcrNLSU9ptmYb11N2wCbeKR64C70FVLsmK1koHhAOtOKyWSTc6WvBSQc6yUQTqba+MIzkulehGa/hBAEGmGZmcfEsyDdR7SuQ4wq+luXqLMmEhLIYs2eIXmOo8bRK1yjcqwQlIDixqeQiJ4xPUzrCk6EIuPXESGJ30eqCVTEqttaxex1OmsQqs/IybzrpsEJJJPdEomJ5h6XSpLyBm1KcwuDFf8ASdVpeXoiZVp1C1TUw2wvKoHKlSwFX5aGLstJj+ksIZpsuw0mxKR7eMYrtQlWGky6CtxSfKyIJA9MApCsOVBUvI01tbvWWCSlViU/pE2NhEpnqS9TZBDk1KPZhqpfWW9Ggt7INMFo526RqemnV54s3+LzPyrVxsDuPQb+yNOhLEqcKdLdFqjzgblHX/iswomwS252Sok8ASFHwiT/AAgGUMTVLcbT8m4yshQGm408Yp2bV2gQdRr4RBTPpasw5pP4xEN6J65/SXo2oNa6zrFzEmgOKvf5RPYXc88yTEypX4z6INgrYZvGY1vHrwARtGY0BjN4hBOb8yrwgG55Rg3Nn5JXhARzyotFMovE1M6pBflHVOM+OqYhj1ScZWWphRU2dlcRFkOagpOqVaERA8Z0nqAZloXbJ7Q5GMmHK31I6GSHh+UQPPvqy5ietbI0O5EDKZNIlqitgqBbf7bZ7+Mays0WXCy4ewdr8IYV4fFXWZpGiEruru740UFCfkrJqlIdbUkb2iNTOrigk6JPrgzT3i/JhSDoUcIGzbIZuVA6iKRpEJRWVegtHT2GqwK30UMzBUFuttJac5hSVAe6OW2VnPoItfoWxIxL/HMOTy8rE+n5JWbLZy1t+F9PSIqfSE58fnHoRxFMMqmSkrRZPOxtESWht6os5iFpW6kKFrA3IFuUXyrD1PlkHraahmx84pIIPfm9ENnKBTHSFJk5ZZFiFFAJHKBST0znO1stVqWQ2hvIlAS2kJSOAAjV18G6WwFHnwiraxiSckEkuzzisouApWnqgGz02JknermmWX0g8ik+saeyGFF2JaChddid9oZGm09NQXPIlm0TWQoLyU2UUkg2PPYbxD8K9LOEcQLEuifTJzKtA0+bXPcdjEydcszdCwc2t7xRAVWapJ0GVS66lxzrHcqG0WzEnU+gC5/1tDAYxpanEZpebSnnkFvfFS9M/SfS6XjgUJ51GeTlUrXrfKtwk2tzCQk/vRGWelvDYCEOuLv3DWMWXPOM6idHBxscoXJ9l8TOKqbMzKgkPhJFh2IC4knpaZbVPFtaAyg5cx1PPQRAqPi6lVWaSJEOhojVZSU2Pp39EG6zNtmRd0cVmTYDrLQp8ib6ZohxccXaIa5VKk+267TKnIyiyfNPs5j6NRp6IrPE0tWpaamEzq5WaC3UOOPSrKk2uQVEnMSLDkD6IsSn09UzKuPPyMk4UXI6xrrHPq6RGaxR5zrn3HZN2lpUjOl0KWEBI2BSkb+i0XjUr6VjMvjXboGylXEsw9IUlvrAtVyvMVBKLnKFKKRtxAG/OHJxbUqWqWlk1ebm2E3zyy3CpCE2uQBrbie6HjlDEyqQkRU1tqYYdDPXdSAAVJVmuEjMSc3ZINvGBlTwvOPzTj01VG3+rbUgFBSk5yCEmwSM1ibkDU7co1rBkcvMwz5GJR+M26aZpicwDIziCFBqYSW1c0LQdvGyfVFOsyE9M2KkBlJ2zb+qLl/oFVahhOSkHK7INfEVlQancwOhUE6oCtgTbTiOURfEWFpqhy6Jlyr0OfbVqr4pOgqT3ZVhKj6AY0uSvZg8W+6J/wBBXSi9gXCCsOTVMcqraZpbzLhmeqDSVBN0BOVWmYKVvuoxcVE6cMPHK5MUuotLI1S3kWPWSPdHKFNmmwBY274kEjMZk6KsdouwKOrm+mrCSk3U1UUdxaT9iocyvTDgt5QSuammTxzsHTxteOWW3bn36wPqlSEuk3c0HsiizuGg4ow/XTak1iTm12v1aHBntzynW3faDIj51y9XrExMdbRW5pTjarhxCstiOSrjXUcY6m+DdX8a1bCU5/SepNr+LTIalXHVJU6U5QVBR4gEixOup4AQPkrqy/F1dF1TXmVeEBlA5jCc1MzpZUBPy9++0R5yp1JCyBMSivTBKSKIG5DCosImZZbLibpULEQ9dhus6xyW6do7KVqin8RSK5GdcYWDobpPMcDDNahPUt1heriR6xFi43pHx2SLzSflW9R3jiIq4uKlZoODS2hEdHFNTjZha+KdPQ8wZU1N0+YlFKu80coB3tD2acmp2YyjRsDYQAfQJSqt1BkfJr8ocwd4k7E2zLq60jOLXAHGDNcH1RqiRLbedwkaRiUmCxNIW3e6VBQPhDefrK3E9WAlI490D/uszmDaGlFQ3VwiDLR2RhzEErUMOyc+44jqnWkklR421HriOVLEEnK1FxuapjglFm7U5JDIVbXzIOhO+vsisuizH9HoNGWzV5N6YPWZmbEWSOO/fEymOljB1RaDUy09LoFvKbCgPV9kZ+Ril4OWPZgg1HL4T0A8WowxOl1blcxC+pQOVtttDYB5XKdorWfwvQZl4Lbn6tKu57ZnFpdTlvxBAi8U0aiV2STPUeaZeaWLgtqzJ8DxB7oAVTCamioLZ7PAjUGOMubkvt0zp/4uOulZRFYwtVaY2qZLqJmWFimZYHkjmobjfw3ibdFHTTUKApNAxZMOzNNKcsvNHtLYtsP1k8O7hpEvk6GZdxSUiyVCxBFwRxBHERWHSpg4SzynpWXCGXCcqQSciuWvA7iOjxeasj8JbMPI4nxrzjoqnHXSBV65iqp1RjqZZMw+pST1QUsDYXKhy7oBMiq1Z4OmoTCXCb5wspt4AaD0Q1xPKOSkz1xT+dZxPfz9MPaHUENpB0Bjc4meLTLRwli3H9FpzUnK4ym0tN2KUrYZc9ZWgk+uJlLdMfSPKlBdmqNPNoGqHpAAr8VJPuioZerJbaU4tWgF7c+6CUrOlbZKjdX52vHj6olUNqLLJq/wjcZykmsDCdGS9sHGnFBFu9JBP96K5rvwhsbTClg0igy7h3WmVJI9ZgOp1yfdU47o0jYfpK5+HKIriWWQVleUAnlF7FyjWg3UemfG8+11b79PABBGWTQLWGn++PGI7O43xTPMCXXVXUJzBR6kBtRI43SAfVAB1uwJHCF6a2FLJPj6IMz12LqnKqqZE27PTTrwUFZ1uqUb+JMGJWsFbYun5Qbgw2Laer24QxdSW3LjTiDEQbiSem1V0vJCkhIO8TKlT6Vgdu9xY2irpV85wL+2JTRJ0IKSSbjviCyxhMkNaEm4uB6IBJlnq/iNimNWLYOZ03KRl8e+Ek1AdVYqvpziR9F5alkTlWebKuscyIuDsOPLiYCXS6CjvstbD0tS6HLBuQkWisCxcCL202HIafzguuqPlpQaaWgnXRFheIc1jKUZTl+KKHfDpnHkroVMLSNtoNRSVIBuTdsIFx4dY6uZmC8rQFWayfAQpIt01hr5WfmVuHVSrq1MD/6bSDvZ6lweiN0YrpylhKkEX8Ivorsl7o1MNVnhDxwaQze3jkSO1E0dSHGyDFWY/pBkpszLaLMunW3BUWkk9q3OB2IKe3UJBxhxN7i3+sVgzfHKi82L5IlMSaw80uScOu6L8+UNXpmal3UtEHLsCfdCtalXqdPraXcONK35jnC7i2pyUEwNeDgG4746t+0ZcEr/ABe0IISt1BWu9yYcSzAuFFIhFpzKcijqOPPvhyHBlGtvtizUh7MpD1Nda1z5SWraHNaK/cqz6FqStSgsGxB0tE1RMgOBRNraJSNzCc3IUSrNqE7Lht8jSYa0Vfv5xSdGfkYfN+URhgPpFrWEauickH1LZUbPS61EocT39/I7iOvcE4opWMcOMVmlrzNOaONk9ppfFCu8e3SOKKtgusyqFTEkkVGXH5zGqgO9O8SvoKxRW8D4lTNTklPJoc4oNTt2lWRyctb80n1Xjn8/iLNHzh9l/wBlcTPLFLwlo61qdOl+rU602Eq3NohmLKW3UKU62oC4Sb9w57bj+cToTTLzIKVpWhYukpNwQeMR6cUGnlC+l48/CbTtHZcbVM5F6TaCJWYfQpoi2i0kWuP96+mKmmC9ITCmiLi90nmI7B6UsLiclzNSLQU4gElKE3ujj6tdOUc34moaHlkbAapWNbd3++Ueq4udZsakee5GF4Z16I1JVRSloSq2hB17om8opxykocFh1w0I5X+0xAn6DUWzdtCXRfdKgPfE5oKFuSklKudhDLKVPa8bXt7YcysUr6HpZLEohsC7rvsERrEeXLYb6i8SubcKkrfGhIsgchERrdzL3I2XqfERENnojDydSLb7RimH5Qi+phVYzAj1GEJM5Z0X01gjP7DqbBQTyGsNH0XzIO6TDhB7WY8Y0nBkmArgtMUg2NGRZzvAgxILyC94FsgCYAPHSCjSCOGndFiZdMLomCU78PbF6dHzVOpGFWJad6ovKGZSVAm19/DUk+mKi6OaE7XsQMS7aCttpWZVtlEa72tpufVxEXkrBqnCFLdIHdA/af8AQX1j/Zl+bozhs3JSyjzywzeVSlEAyUqDfW0OXsJMMhSevdOmpvDikUOnyJM04kzBQOwlR0B/nDBYNVTqYUdY7J9Uk7HNaNE0imqF22iAdlZo2qpmpqaW46F5BslINgO6PMT8q0Qh3MEp5iIQslcNHxvDxwaw2eHsjkSOzEZq7txGylhSQrmNY1XoYTB3HpEZpodFkF6SaL18uZ1lF3Whrb85MVa1NuyUwVIN0ndPAx0LNtIfYUlQB02iksfUY0upKKEEMunMg8jyjfw8/kvFmPlYnB/JERYcZm2+sl1Wtunig/yjRT62zlcuDAaX69I+MyasrzflJ5wQlZ+XqLfUrHVTA3Qd/EfyjcHCakrFevCScp7St1chGEzQCt4D1cVGSBWllTzJ2cbF/XARVaSi5cUoHlbWIo2VLIo7J/T6s5LLBbeUk33Bg27ieZmJTK8pK+rFwojURUor6QMyEqVy4R77uVCaUENMqKQbkISTfxg1hkxMuVjX8l+UvpEqzMoGm5kIDTYDYKbjThAiZ6YsRJumalpTPsFFB09R1EVfJO4mdTZmTWkc1i3vgmxJ4lXYvzMoyn9ayiIXPg4ZfZq/6F/58v8AWL/5LJp/TDIqQEVeXU2oJuFsgm58DtELxrWcKVuZXNyKn5F9xV3UdUC2vTygAeyfDTeGzUm6nWaqqFgcEMj7YeINKQ3leSJgfrJTb3QWHi8fC7/9FZuVlyqtEWdFNcGVipywURYhxJSfQbW9saySJphx9lbKsq8uVY1SpNuBESN0UAkFNHkswN79WIWRWGWG8kvLstpB2SkWhmT439UKxSnB2wJMNTC2rNsOEW4JMAqlS55ynzNpOYKkkLT2Drr/ACJic/d93Ke1bwjQ114pPyh9cKoc8t+im3peZYUQ8w63r+ckiGSjlmUq74uebqiJhtSX223UkahSQYrLGkpKszSJiUbDSFkgoGwPdFi/I1bVmAhafGaUQsboVb1wxlF3SmCCxnkXE21Av6oobtA4KOcKG4i36RgBt6lGfUuaqGVsLDTCS2l021CVcdxY3Gx7hFPAx0H0f0yfqGD6XPS1XdZaVLhATc6ZOyR60mI437F+Xj3RJOiWfpTMi4yuntSMws3zISe2kcLcLcRFguVinjRDoFjytFZSMhNyJnZH4wFTIQZyWfTobbOp79O1bu748h3ETWv3UDg4WIIPsg/BRSoW5OTtk1qM590Xi0iYTLSaDd1d+0ruED5mpSpSG0EJaR5KTv6TziNrna/+attfPMBCfxmpLSBMNsK14IEQokrVSk0kqU+keJhGZqlNOvWNKPeREacZecULMN68xYRg0wr4hvicpiyqLnXrDdwaGHCtoQc3jkSOymMHhYwgrTXlDt8aw0cG4hEkOizW9lW9UR7G1Faq1JcasM9syDyMHV6JB4jSPKCXGym+8Z1N45eSHeKmqZzYVPU+oradulaSUrSecZqKZaYHWpd6l9OoUOcS7ppooknUVdtISF9l0D2GKzlSpQzFwkHgNTHew5FkipI5Mm8LcKJDTqlMtt5XlhSuJB0UO+N5pdPm0/fEq0o87QJaQ+s2bl31+CDDxilVh63VUx86/nC0G5JbYt5Ms1QpLMUmX83Itk73VrD1FRDYs00hsfqpAhJGGsRK1Mq00Oa1wuMJVNQu7PyyPC5gXnh7kCuPkeoiTlUdVus2PfCBqClXBWdO+CrWEpRKR8arduYQkRlVCwux56pPuH5wELfKxr2GuJk9gVc6ADdfthByeSB5YPpiSNs4PY2lVv8AziVQ4bqtDl1fetGauNvkxAPmx9INcN+5IiKJl1y4bZdcvtlQTCzUvV3T8lTZo95Rb3xLVYoeFhLyDbfoA90IPV2pv7pQPWYW+c/SDXEh7kAkUavOC/xIN34rcAhyxhusK1celWh88mCDb1VeNw7kT3CHIYmykZ5hw374TLnz/gbHh4/5GScKIQwXZysBKRuEJyj1mIpWqRIViYnafSF9a6xKF9pWa4WpGpT3ki4HfaJDjqRcOF5tRWsltIVqe+I30NOqVi1hkICytKwEk6EZDf3Rs4blmTyN69GXlKOJqEY7ITJOWsDwg1IKzAjhA/EUk5ScTVGQdGVTT6wLDQi9wR3EEGHFJXdUaWKgxq4nI4pH6JIi6uiWozisFsspmVBDLy0pTbRIvf7TFOVVsInCobLGb7InvReuaGH51TIUpCH7ns3HkiLiDJFlsz8zL1eVnHVFaGXLL7NroVoobcRcQliCZnaXVHZUKCkNqsglN7p4H0ix9MRKZqlSSSMrmQHQBJESfFk7NO4ZplblT2wkSz+pFwkdknvylI9BhqaaF9WN268+DZSG1c+xa/th9K19V9ZaXPG+ukQ+WrM66bFDRsNzaw9cGpSafyAqYZuUg6gG/ftFWmX0SNypTD6AcjaQRsDDGcE4tshNkKVxtwhNE0+lAUplHqhymYcWjMGxtqc+vuiqROi6CdxCTkalesarXprHJaOrFiTuoMM3SAYcuK1hm8dTCZIZFiLh4c4RfmWZSUXMvrCGkJJUTwhRZ0iE9Iky4+ZekNKIS4etet+iNh64Q8fk6HefirI3jmvy2JFNMhpbck2q6iRq5y0hovEFOlpduXk6OyA2LZikXMKuU8ZdR3wgqmtcRDPKMFSFVKTtjZ3FE6bhmWab8EwkvEdYWnRSU+CYdintDXLuYWTJNX0SNBCXlQahL9wK9Uqw+O1Mr8AIT6uec8p50+mJF8VQB5IhZDCAdUgQLzF/E/bIsKe8vVeY+JhQUpWZPZ3iThtAvpGVJQFDTW0D8si/hQDZpCgB2RrC7dKOpsIM6DQcBGySLQPySC+NAxqli+sOmpBpBBIvDjPvrGC5YbwLk2EopGyWkDhG2VJygQh1osbmPdclDWa42tA9hDbEbQmaFPNHXOyqw9EU1g2oqpGIJWdSfIc7Q5g6EeomLjnJhPxVxNxqgj2RQ5UUvqt+kRf0x3v0h/jJHH/Ul3Fks6WkKmaszWgylsPoDa8uxKRofVYeiI3SF/KARZM5KM1/ouXMgZphhrMLC5zo/wBB7Yq+lXz3vYRukqMmNhisouw26Bsbf79UTHoYeH4VllklKg0vLuNM4+0RFZkB2nuJG4GYeiH/AEaTglK84VJzByXUm2a1zdJ+wxUQsiLdEvLHzrNhvppBSksMP0ufo6EqDa2+uZGbULRc+1JV7IjYrDCUgLZc1HkhST9sPKFX5dury7rF8yFg5CQdOR90Ni+xAyVR5ZaioPPpuf0r2MYVQk/m1GYBI4i9hBXEoZp1Yel20uLYJ6xlSUFV0EXTsOVoDqq0slVy6Uk7BaCLeuI1RLZsqlTiVZUVZdk8Sm/2x4ylZF0tzwNt8ybD3RlNWknjYTbJJ1ACx/OFm5ptSipDrVxxCr7jwiqJbP/Z','distribución'),(21,'Campaña navideña 2021','Esta campaña busca llevar una alegría para los niños del asentamiento humano Las praderas de Pamplona',NULL,NULL,2,'materiales','2021-05-09 07:18:36.686136','2021-06-15 01:52:39.000000','data:image/jpeg;base64,/9j/4AAQSkZJRgABAQAAAQABAAD/2wBDAAUDBAQEAwUEBAQFBQUGBwwIBwcHBw8LCwkMEQ8SEhEPERETFhwXExQaFRERGCEYGh0dHx8fExciJCIeJBweHx7/2wBDAQUFBQcGBw4ICA4eFBEUHh4eHh4eHh4eHh4eHh4eHh4eHh4eHh4eHh4eHh4eHh4eHh4eHh4eHh4eHh4eHh4eHh7/wAARCAEAAQADASIAAhEBAxEB/8QAGwABAQADAQEBAAAAAAAAAAAAAAEEBQYDAgj/xAAtEAEAAQEFCAICAgMBAAAAAAAAAQIDBBEhURITFTFSU5GhBUEicTJhBkKxgf/EABsBAQACAwEBAAAAAAAAAAAAAAADBAECBQYH/8QAMBEBAAAEAgkFAAEEAwAAAAAAAAECAxEEEhQVI1FSYWKRoQUTITFBBiJCcYGxweH/2gAMAwEAAhEDEQA/AP02A7DzIC0xNVUUxzmWJowlheJCF/pm/F2eMzazHLKGfXVFNM1TlERi+bCz3dlTTH1DG+Ttdmy3cTnVz/T5xVmm9V9QtD6jHxB6WSEMJh/n8/5YFtXNpaVVz9y+AfRackKcsJZfqDzc00Zo3iAN2AAAAAAAAAAAAAAAAAAAAAAAABl/GWW1aTaTyp/6xIzbm6We6sKafvDGf24P8hxuj4XJD7m+P9fq/wCnUfcq3j9QeszERjM5NNerTe201fXKGw+Qtd3YTEfyqyapQ/jGCtLNiJoffxD/ALWPVK94wpwAHrXIAAAAAAAAAAAAAAAAAAAAAAAAMJ0kwnR1+zTpHg2aNKfCnpfJ09XdXhzHx9jNpb4zTOFOfJtc/psoppjlTEf+GFP9PP8Aqfp82Pre5Ge0IfEIW/8AXQwskMPJlh8uYv8AaTaW84ROFOUMfCdJdfs0dNPg2adI8O1hqkuHpS0pYfEFKpgo1JozRm++TkMJ0kwnSXX7NOkeDZp0jwm0vk01d1eHIYTpJhOkuv2adI8GzTpHg0vkau6vDkMJ0kwnSXX7NOkeDZp0jwaXyNXdXhyGE6SYTpLr9mnSPBs06R4NL5Grurw5DCdJMJ0l1+zTpHg2adI8Gl8jV3V4chhOkmE6S6/Zp0jwbNOkeDS+Rq7q8OQwnSTCdJdfs06R4NmnSPBpfI1d1eHIYTpJhOkuv2adI8GzTpHg0vkau6vDkMJ0kwnSXX7NOkeDZp0jwaXyNXdXhyGE6SYTpLr9mnSPBs06R4NL5Grurw5DCdJMJ0l1+zTpHg2adI8Gl8jV3V4chhOkmE6S6/Zp0jwbNOkeDS+Rq7q8OQwnSTCdJdfs06R4NmnSPBpfI1d1eGuz1l9WcTNcRjKPawpwpx1VMTV9unGP6s0pc0z1jkx7aqZqwiZwh7VzEUzP9Mb+9VPA04xjGeKavNaGWCZ6yZ6yo6irdM9ZM9ZUC6Z6yZ6yoF0z1kz1lQLpnrJnrKgXTPWTPWVAumesmesqBdM9ZM9ZUC6Z6yZ6yoF0z1kz1lQLpnrJnrKgXTPWTPWVAumesmesqBdM9ZM9ZUC60RjVEQyYwiMHld6ecy9apwiZcjGVM9TLD8XKMuWW8Xjb1YzsvMmZmZkdOjT9uSEqrPNmmuAJWoAAAAAAAAAAAAAAAAAAAAAAAAADJpjCMIed4qy2XrOGGbFqnGqZcfB0/cqZo/i5Wmyy2gig7CmAAAAAAAAAAAAAAAAAAAAAAAAAAAA9rarCMPt4raVbVcyivhqXt04Q/UlWbNMALCMGv+Rv02Fe6soia/uZ+l+Mvtd4qmztIjaiMYmPttkja6P3Zc2VngNUgAAAAAAAAAAAAAAAAAAAAAAAAAA+La0psrKq0q5Uxi+2r+bto2abCOc51MywvGzSpNllu1lpXVaWlVdXOqcWy+Dsp2q7aeWGzDWUxNVUU0xjM5Q6O62UWNhTZx9QmqxtCyph5c02Z6gIF4AAAAAAAAAAAAAAAAAAAAAAAAAB81VRTTNUzlEYy5282k21vXaT9z6+m0+Zttixizic6/8AjTxlyT0pfi6niJ7xys74ax3lvNrVH42f/W6Y9wsdxdaaJj8pzlkIp43inpSZZQBqlAAAAAAAAAAAAAAAAAAAAAAAAEmcM55RzVifKW25u0xE/lX+MEIXjZrNNlhdqb/bb68VWkTjTGVL7+Lsd7eomqPxpzliw3nxVjurtEzGFVf5Sszxyy2UqUvuT3iy4jBQVV8AZAAAAAAAAAAAAAAAAAAAAAAAABovlLffXqYj+NGUNrf7bcXaqr/acqf25/nnjimpS/qriJ/7XvcbHf3mij65z+nQQwPhrDYsJtaozr5fpsGlSa8W9CTLLcAaJwAAAAAAAAAAAAAAAAAAAAAAAAAGl+Zt9u3iypnKjn+2Jd7Kba2os4/2nP8AT5qqmqqaqs5mcZbT4Sxwiq3n7ypWY/0SqEL1J2xopimmKaYwiIwh9ArLwAMgAAAAAAAAAAAAAAAAAAAAAAAAAOZs6JtLSminnVOEOjsLOLKyps6eVMYNX8LY7VrVbVRlTlH7bdJVmvGyth5LQuAI1kAAAAAAAAAAAAAAAAAAAAAAAAAAAB83S6V2N3po2JxiMZ/b13Vp0ScSuXd9ScSuXe9S02m5tD2YfGbybqvok3VfRJxK5d71JxK5d71JtNzN6PFDubqvok3VfRJxK5d71JxK5d71JtNxejxQ7m6r6JN1X0ScSuXe9ScSuXe9SbTcXo8UO5uq+iTdV9EnErl3vUnErl3vUm03F6PFDubqvok3VfRJxK5d71JxK5d71JtNxejxQ7m6r6JN1X0ScSuXe9ScSuXe9SbTcXo8UO5uq+iTdV9EnErl3vUnErl3vUm03F6PFDubqvok3VfRJxK5d71JxK5d71JtNxejxQ7m6r6JN1X0ScSuXe9ScSuXe9SbTcXo8UO5uq+iTdV9EnErl3vUnErl3vUm03F6PFDubqvok3VfRJxK5d71JxK5d71JtNxejxQ7m6r6JN1X0ScSuXe9ScSuXe9SbTcXo8UO5uq+iTdV9EnErl3vUnErl3vUm03F6PFDubqvok3VfRJxK5d71JxK5d71JtNxejxQ7m6r6JN1X0ScSuXe9ScSuXe9SbTcXo8UO7nsTFB0XEXExQBcTFAFxMUAXExQBcTFAFxMUAXExQBcTFAFxMUAXExQBcTFAFxMUAXExQBcTFAFxMUAAAAAAAAAAAAAAAAAAAAAAAAAAAAAAAGP8jeYulztbxM/xpyjWfpkOb/y29RVa2d0onGKPyr/AH9K2KrezSjN+un6PgY43FyUvz7j/iD/2Q==','finalizada'),(22,'Campaña navideña 2022',NULL,NULL,NULL,1,'materiales','2021-05-10 07:55:44.532300','2021-05-10 07:55:44.532300','','creada'),(23,'Olla comun mayo 2021','necesidades',NULL,NULL,6,'materiales','2021-05-10 07:58:16.121536','2021-06-17 12:53:57.000000','data:image/jpeg;base64,/9j/4AAQSkZJRgABAQAAAQABAAD/2wBDAAUDBAQEAwUEBAQFBQUGBwwIBwcHBw8LCwkMEQ8SEhEPERETFhwXExQaFRERGCEYGh0dHx8fExciJCIeJBweHx7/2wBDAQUFBQcGBw4ICA4eFBEUHh4eHh4eHh4eHh4eHh4eHh4eHh4eHh4eHh4eHh4eHh4eHh4eHh4eHh4eHh4eHh4eHh7/wAARCAEAAQADASIAAhEBAxEB/8QAGwABAQADAQEBAAAAAAAAAAAAAAEEBQYDAgj/xAAtEAEAAQEFCAICAgMBAAAAAAAAAQIDBBEhURITFTFSU5GhBUEicTJhBkKxgf/EABsBAQACAwEBAAAAAAAAAAAAAAADBAECBQYH/8QAMBEBAAAEAgkFAAEEAwAAAAAAAAECAxEEEhQVI1FSYWKRoQUTITFBBiJCcYGxweH/2gAMAwEAAhEDEQA/AP02A7DzIC0xNVUUxzmWJowlheJCF/pm/F2eMzazHLKGfXVFNM1TlERi+bCz3dlTTH1DG+Ttdmy3cTnVz/T5xVmm9V9QtD6jHxB6WSEMJh/n8/5YFtXNpaVVz9y+AfRackKcsJZfqDzc00Zo3iAN2AAAAAAAAAAAAAAAAAAAAAAAABl/GWW1aTaTyp/6xIzbm6We6sKafvDGf24P8hxuj4XJD7m+P9fq/wCnUfcq3j9QeszERjM5NNerTe201fXKGw+Qtd3YTEfyqyapQ/jGCtLNiJoffxD/ALWPVK94wpwAHrXIAAAAAAAAAAAAAAAAAAAAAAAAMJ0kwnR1+zTpHg2aNKfCnpfJ09XdXhzHx9jNpb4zTOFOfJtc/psoppjlTEf+GFP9PP8Aqfp82Pre5Ge0IfEIW/8AXQwskMPJlh8uYv8AaTaW84ROFOUMfCdJdfs0dNPg2adI8O1hqkuHpS0pYfEFKpgo1JozRm++TkMJ0kwnSXX7NOkeDZp0jwm0vk01d1eHIYTpJhOkuv2adI8GzTpHg0vkau6vDkMJ0kwnSXX7NOkeDZp0jwaXyNXdXhyGE6SYTpLr9mnSPBs06R4NL5Grurw5DCdJMJ0l1+zTpHg2adI8Gl8jV3V4chhOkmE6S6/Zp0jwbNOkeDS+Rq7q8OQwnSTCdJdfs06R4NmnSPBpfI1d1eHIYTpJhOkuv2adI8GzTpHg0vkau6vDkMJ0kwnSXX7NOkeDZp0jwaXyNXdXhyGE6SYTpLr9mnSPBs06R4NL5Grurw5DCdJMJ0l1+zTpHg2adI8Gl8jV3V4chhOkmE6S6/Zp0jwbNOkeDS+Rq7q8OQwnSTCdJdfs06R4NmnSPBpfI1d1eGuz1l9WcTNcRjKPawpwpx1VMTV9unGP6s0pc0z1jkx7aqZqwiZwh7VzEUzP9Mb+9VPA04xjGeKavNaGWCZ6yZ6yo6irdM9ZM9ZUC6Z6yZ6yoF0z1kz1lQLpnrJnrKgXTPWTPWVAumesmesqBdM9ZM9ZUC6Z6yZ6yoF0z1kz1lQLpnrJnrKgXTPWTPWVAumesmesqBdM9ZM9ZUC60RjVEQyYwiMHld6ecy9apwiZcjGVM9TLD8XKMuWW8Xjb1YzsvMmZmZkdOjT9uSEqrPNmmuAJWoAAAAAAAAAAAAAAAAAAAAAAAAADJpjCMIed4qy2XrOGGbFqnGqZcfB0/cqZo/i5Wmyy2gig7CmAAAAAAAAAAAAAAAAAAAAAAAAAAAA9rarCMPt4raVbVcyivhqXt04Q/UlWbNMALCMGv+Rv02Fe6soia/uZ+l+Mvtd4qmztIjaiMYmPttkja6P3Zc2VngNUgAAAAAAAAAAAAAAAAAAAAAAAAAA+La0psrKq0q5Uxi+2r+bto2abCOc51MywvGzSpNllu1lpXVaWlVdXOqcWy+Dsp2q7aeWGzDWUxNVUU0xjM5Q6O62UWNhTZx9QmqxtCyph5c02Z6gIF4AAAAAAAAAAAAAAAAAAAAAAAAAB81VRTTNUzlEYy5282k21vXaT9z6+m0+Zttixizic6/8AjTxlyT0pfi6niJ7xys74ax3lvNrVH42f/W6Y9wsdxdaaJj8pzlkIp43inpSZZQBqlAAAAAAAAAAAAAAAAAAAAAAAAEmcM55RzVifKW25u0xE/lX+MEIXjZrNNlhdqb/bb68VWkTjTGVL7+Lsd7eomqPxpzliw3nxVjurtEzGFVf5Sszxyy2UqUvuT3iy4jBQVV8AZAAAAAAAAAAAAAAAAAAAAAAAABovlLffXqYj+NGUNrf7bcXaqr/acqf25/nnjimpS/qriJ/7XvcbHf3mij65z+nQQwPhrDYsJtaozr5fpsGlSa8W9CTLLcAaJwAAAAAAAAAAAAAAAAAAAAAAAAAGl+Zt9u3iypnKjn+2Jd7Kba2os4/2nP8AT5qqmqqaqs5mcZbT4Sxwiq3n7ypWY/0SqEL1J2xopimmKaYwiIwh9ArLwAMgAAAAAAAAAAAAAAAAAAAAAAAAAOZs6JtLSminnVOEOjsLOLKyps6eVMYNX8LY7VrVbVRlTlH7bdJVmvGyth5LQuAI1kAAAAAAAAAAAAAAAAAAAAAAAAAAAB83S6V2N3po2JxiMZ/b13Vp0ScSuXd9ScSuXe9S02m5tD2YfGbybqvok3VfRJxK5d71JxK5d71JtNzN6PFDubqvok3VfRJxK5d71JxK5d71JtNxejxQ7m6r6JN1X0ScSuXe9ScSuXe9SbTcXo8UO5uq+iTdV9EnErl3vUnErl3vUm03F6PFDubqvok3VfRJxK5d71JxK5d71JtNxejxQ7m6r6JN1X0ScSuXe9ScSuXe9SbTcXo8UO5uq+iTdV9EnErl3vUnErl3vUm03F6PFDubqvok3VfRJxK5d71JxK5d71JtNxejxQ7m6r6JN1X0ScSuXe9ScSuXe9SbTcXo8UO5uq+iTdV9EnErl3vUnErl3vUm03F6PFDubqvok3VfRJxK5d71JxK5d71JtNxejxQ7m6r6JN1X0ScSuXe9ScSuXe9SbTcXo8UO5uq+iTdV9EnErl3vUnErl3vUm03F6PFDubqvok3VfRJxK5d71JxK5d71JtNxejxQ7m6r6JN1X0ScSuXe9ScSuXe9SbTcXo8UO7nsTFB0XEXExQBcTFAFxMUAXExQBcTFAFxMUAXExQBcTFAFxMUAXExQBcTFAFxMUAXExQBcTFAFxMUAAAAAAAAAAAAAAAAAAAAAAAAAAAAAAAGP8jeYulztbxM/xpyjWfpkOb/y29RVa2d0onGKPyr/AH9K2KrezSjN+un6PgY43FyUvz7j/iD/2Q==','distribución'),(24,'Ropa para los niños del albergue infantil Dios es amor',NULL,NULL,NULL,6,'materiales','2021-05-10 09:17:10.675866','2021-05-10 09:17:10.675866','','creada'),(27,'Campaña navideña para los niños de San Juan de Dios','prueba2',NULL,NULL,2,'materiales','2021-05-11 22:38:52.799691','2021-07-18 08:49:52.000000','data:image/jpeg;base64,/9j/4AAQSkZJRgABAQAAAQABAAD/2wBDAAUDBAQEAwUEBAQFBQUGBwwIBwcHBw8LCwkMEQ8SEhEPERETFhwXExQaFRERGCEYGh0dHx8fExciJCIeJBweHx7/2wBDAQUFBQcGBw4ICA4eFBEUHh4eHh4eHh4eHh4eHh4eHh4eHh4eHh4eHh4eHh4eHh4eHh4eHh4eHh4eHh4eHh4eHh7/wAARCAEAAQADASIAAhEBAxEB/8QAHQAAAQQDAQEAAAAAAAAAAAAABAMFBgcBAggACf/EADsQAAIBAwMCBQIDBgUEAwEAAAECAwAEEQUSIQYxEyJBUWEHcRQygQgVQpGhsSNScsHwFmLR4TND8ST/xAAbAQACAwEBAQAAAAAAAAAAAAADBAECBQAGB//EADARAAICAgEDAwEGBgMAAAAAAAECAAMEESESMUEFEyJRFGFxgbHwBjKRocHRI+Hx/9oADAMBAAIRAxEAPwCTa59FLB7Vjps2yYDIDElT96pfqLpe80q8mtbmBoZozyP9x8V2sli7DLELn+dQH6u9EPrNkl5Zoj3UIOccFl9vmvGj36PkdlZ6OxKrOF7zkHVLWZodkmcDtTMtk7Ngqf5Va+p6DIszRSwFXHBBFMl/oNxbMsot5FVTnlCAa1KcwKupmXYrE7lhfSP6K6Xe6XFqnUiSTeINyQK5UAfOKn2sfRbom7094rLTmsJ8eSaKViQfsSQakv011C31Hpa2e2cEhRkeoqTnAGScD3rD+0XWnrZj/XtNlcalF6Qo1ONequkpentZuNNvwviRHIZT5XU9mFMpsIj5o1xirE+u2tWOoddzCylEq28KwOynguCScfbOP0qvo7pI8ndxWxi2WPUrNMLJrRLCF7SffQzp+11fqyJbxVeOHzbT2J/4K6st4I441jjRVVRgAD0rjv6b9Unp7qCHUEBeMNiRR3K11Do3XvS+oWK3UeqwJkeZHbDD9DzWdcwryCbeN9j/AImjiOpqCr3jR9YdEtH0f96pEq3ETBWYDllPGDXO2vhFlYcDNXL9WOvLK+tDpmmyiWPOZHB4P2qieoLnxCzA0PHUvaWTtOyiAuj3kc1WNCWwKjd2NrU+Xc2c5z8jNMl75nJFeoxSQNGYNnMDc881oMGtpFY+laqtPgwOplAAcGiBHwDg5r0MIyCTyfWliRH35xQmfniaWLhl+W7S1/2a2S21bU5JGHKINmccc1Lfr7r0ltods1hJ4UhnG7zZJGDVF6Hreo6LffjNPk2ORhlI4YfNb9Q9Qavrzob6TcqflRRgCs58dnt2e01fYCL0puNmq6lfajch724eXHb2FIYyvxSiWzs3mUj2OK3nt5I4ySCMDv7U+GVQFESs9NtZS+jEFVN4A/nWrgAnHIpFnIPetTI2e9G1MYqQdRWRlzSJbmsMxNaHvUgSAJtuzWACzBVBJJwAO5NakUbpy6XIpivnuYXJ8sqEMg/1LjP8j+lSeBJAmLPTru5vDaKqxzj/AOuVhGT8Ddjn470922g6xptwbm0vLYSR7uNzAuABnAKjd9hzkfY0oTdRWKpexJqlgeEuYhukT1xz7fzHbI7Uk93PZ7DbXialaMowr5Dfz7gjt649KXZ3bjidvjtJEupSyWktvd5leQby8Tby+Bjcufzj3/iHzjIjoW1uWkZNNhuEAPitGpUgehx/Cf7+5pSDVbWcsk0brluZDnxIvk44JHuBn3FIau/hR+LDKFDH/wCWMArNn1YZwGx6cf70Fa+k6HBkAsZ9JW4oG7fccDtRenSRXUQYESbuVIOQR8UpeWkew7QFYf1rPsRra9r2noVYI+mjJY9L6R+OfU5rOGWeXkFlBC/YUVq3T2j6pZva3WnwMjDGQgBH60LoutJLq1zpsg2SQNgK3qCO9SDjHFBxa8a6r4qPv3JuNiPyZyp9RY9c+l/VDxaJfyRW8w8VBjIwT7Gojrv1Z60vbV4JNXZEcYYRxKhx9wM1P/2nNUstR6nht7eRX/CQ7JGXnzE9v0qg9UikibJHlPIPuKDjY1Lk9Q3yfz54/GLZV9qn4kiB3dxI0jMXbLHJOe9IKzk5ZifuaTlcHnNI+Lgd621r0NCZQck8x2tbnwz3OKdIdXMYwWzioqJ8fxVhrk4796G+KH7wgsI7SZjXd64Y80LeX6yJgetRI3De9LQXZ4DmqjDC9oT3yeDHeSI3H5RzjvWsWkTMfOhpw0XZIoK4NdGfQvo7TLrThqt3Akzt23DOPikMnNaghUGyY3RiC0bJnMV1oU0a7midV9ytNk2nMj4x619AdY6V0HVLB7S6023ZGXGQgBH61yx9UOjIOn9du7aNmaOM5jPup9Kmr1G1HC2jv9IUenBmHSdyrrOyZuAMEU5xaD4gQupJY/mPFP8A0ropv73wQMkkCrVPQippqpGMlVyGIGaLZl6PE+l+n+k4lFC+8O4lFz6VFAWVsZXPOc5oG2ji8TbJ5cdjU06k0+a3klhljwVJBbHeoHdyFJyucUWljYO871SmnDK2Ko1HBljK5BGPehNW3eGShJjIw1IpJjcrPnHOPes6ndoI/DgffGwyV9jRFRg41MvKy6nxn3x+v/kYZT5q8kbMuaxgtJg+9OumxBu4JrSZukT5qV6mMbnhZVBxjNJFeeRT9fQxlcgH4pmnQhua5H6hKWL08CaBcEEqD8HsadjpsN5ulS2ewXAbdv3QjPoGJzz7Ek02L2FF2N6LTO61jm5yCzMCOPg4P6g1FgbW17wY15h0dm2nt4llqMZOAWK3UYBPsUJ5pK7m065jLOfwl1jkx4aKT5wCSp/5x2o7RdMur+YX10sltZKPFkluIiI3Ud1XGASe2KatQgiSeSTcbe3zmOMnc/x/w/8AugK+36SeZdqwV6hFVlRYEeWcN4bYiVhkMPXPtQ9zMm4yCExpLkmNQQn6ZNAtIviKUyADnJ7mpBZR+NA9gbeVzJEJjOwClRn1ycYyfeiOvRzJQLud46LNJp9xpWoWspXTbtAkiZ8sbkeUj2BPH3qczt4kYcfrXKv0W+t2jLoP/S3W0hgiSPZBdhSwK+gbHII96k1l+0doemfi9OuY7jVUhYpbXcK7fGX0LA9j+leexfcxt1up/Ib5/wBH/wBm9a9dwFikRH669TXHT3XkV3pd34N0kalsHOe/BFM+rfWnqu70QMJ7e2icmMyQx4YnHPJJx3qlvqF1jN1H1ReamEljSeQlEkfcVHoM8UJaXk0nS0snihkgnw8YPIyOG+xwR+lWTBKoGbgk8/n4gGyeqwqOwlrJb2us9OJrITxghJuM8k4/Mfv61GvqN01Lpemw31sfFsJADkfwZ9R8GhfpH11a6NPcaVq6btPu+zH+BsY5+DVkdE3Gm9S6JrHSksizJbBvAYnJ8M8j9R2/Sk7BbiW7I4H6R2uurKq0O5/Wc33jBJGUMCM0I0tKapG0N7NATkxOyZ+xxQjA166sDpBnmGXR1FGl+ax4nzSeD7GvAGiaEjpigkzzSkb88Ugqn07UvGtVYCWEftDvTA6jPeuhvoJ9RtP0oPousyrBFIcwzH8oPsfauZIXKMD7UcuoOo/NgVkZmB7x2OCI1j5hq48TvnU+r+nLC0a4m1ezCgZAEoJP2Fc0fVLqROpNYnvIAFjZsJ/pHaqeOuXGcGRiPk052GohgCx7ikX9PuDB7DvX0Gpr42fWWAHEsL6Z3UUOveGwyv8AY1ejXlubDzMoO3muYNPv2s50ubeQBlPPPerG07rET2RWQ+bb69qHYpB2J9PqoXPprZT2EE+ozxvJK64APr85qmNckja6KKQMZ5qbdYaqZ5Wy5ZRnBqurzLSsx4ya0cCs62Zl/wAVZIrpWhRv6xCSVyNoPHrzSLmVAGyQPQ16Q4bvW9w6m2jVXBxnj2rXA12nzN3Lhix5EQiy0o5ySfWpFp6hIwoOfU4phtFzKCfSnxbkRQYGD81S3k6iaNrkzW5cls88cDNNd0RnuCT3pa5uGbJoFn54q6LqDZtzZDzThbRvZtHeDUIbeTG5Nh8SQZHsOAfuQRTWGxW0cskUgljco6nKsO4qzKSOJSSCaeK2imk1KW7mupEAXxpcyZ7/AJedvp359vhuS8/E3C+HAkKxo7EjLH8p9+3t/wC6bGJZizEknkk0dbE2+kXU2QDcMLdc9yAQ7EfbCD9aGKgg35kEwnS5Ibm4y9rHEFUf4ijhSB3+5/4KO1prhryG5aZHcqG2sASee+Ox7dv6UN054skb2NjEGuLseG23LOwJAVQMcZYj9QP1frjpjVLaEmWBpIrMrBJGsq5LjDyAd8kB8ZAP9KXsZUbmFCvYeIXc9FXMDbCCvGe1Nz6HJBLtVN7Z/lXReu6DvysacnucU1ad0VGJDNPHkntkVmjKfyZvNiJ4EpSDpud1LeEcHu1Cz6RcQSsLdXAI8wxwa6Fuel9ybEj2KB6Cm0dKRtOF8MBB7jvXfaWkHEXxKOi6dvJkB8Jv0FOmnaTrumys+mzzWkrqUZ42IJB9Kvm36ZhWIYi7DgYry9Mxrksn9K45DNwe0kYoHIM55m6Pu8MXDO7HJJ96bL7Qmt22uuDXR99ocUULHZVd9VaSqsSiZY/0oqZTb5i9uGoXiVFNYMmcDj3oZ4cHjBqbX2nFEORk/ao9cWpVySBina7+qZ1lRWNIiPBxWzLtJx3ouUKvHFDycg0YNuAO4gJADivO+RxSUqnPBrMaM3ODii8akBZkUVbTFB6ikViII4NbbSueDVWAaW2RHiyvFxscn4p1tr+SJMAnb96iitjscGi4Lptu1jkUlbjb5E9P6N/ENuF8SeI46ndmbLGmK4fJPpRM0qlcZ5rws2ZckE++avWFrHML6j6p9tOwY2ybCp9WPasRQs54FOf4DjJ/rWWSOGM5Iz6YNGFo18Z56wAnZgCARc9jWslwTmvXGWY896GYEHtRlHGzE2bmbM5Pc1qTWK8aIBKz2axXqJhsrmWMSCJljJwHbgGpJAkhS3aDUZqNzHOLeG3VlhgiCKG7ljy7fqxOPjA9KMtNKUqGctKScBUpzgghimaAWyxSrwylCSCByPfPFAa0b3Ga8R278Tb6WWxuusLO0KgGeSNULjCZWRHwSSMAhSP1roj6jab9PNP0K7S61g6FeI58KxilWd5XaQ7mx+c5zkYwPQVQek6zc9P61a6isEbzW8iyJDKOH5Bxj2IPer/64696QuekPx0MqXOpXrxyRxrb/wCJbv4iljKe25R4iAZOdqkDnNIZCl36tcamjiY7DaICT54lmnTkduVpZNNjUZ2inFVA71mQ8Uj0iaO40XFmhGcD7UELFA2dop4nIAPNAyyANUECTNUtkCViS3GOwrdJB2zT1p+h3d/CJHIijPIJ7muA+kqWCjZkI1iDcjACoNq2mltzEZJ4q7dU6Rn8FnglWVh/DjBNQDWNNkDsjIVYcEEdqq2wdHvK7DjiVBrenqMqBUJ1WwKlsDAq4dZ0p0Zi2fvUG6itBFBI5AA+1XqcgxPIqGtyt7qDYWPzQBDbjup61AhSwPeg7O0kvLhVRWwTWojcbMxipLaEQsNPN0/qKkum9KmW13AebNP/AEroRjO2aPO41YOlaNDFEUCDFKW5LE6E06cQdO2lVXfSbRRh9uRjnjsaimr2LW8uMVfuq2aR2zDA9hVS9WIv4t9qgAVai5i3MplY6quxIWq847VsV8vHesyECU9u9KrtK5zT5My1OoKSV780vBfGNcenzQ9z2z60I5OeKt0K45llciHXWpzyIY1ICnvQZncjBJpOsYoiVqo0JBYnvFw+eay2CKH5rZWI7niranbmXGO1agFm2qCST2Fb/mOAOSaJSEwnPG/+1RvUsiFzF9PhhtnEsyJNJg4Q9lP+5okyy3jbSQXXHdwOCQMAfc+lAoGdiAfTPP8AziibEH8TtIUZGDlSR9se9CYeZo1KF0AOIZG+yMW627CZ22cqcqePkc9+9aCRAt1+IU3UpOxZt+PDYOMt/wB4KgjnHf4pKVBFardm1DxNmLxAxAL+/HY4Hr35NIFmihIt5Dk4yy8E+XLDjuAcUMLCljN57ky3AZzGI1I2kLjaPsPX/mfWsG+ulLQtO6qQQ7OhynJyF+5J/n6UjMwEmFdhgbNwPHbnHrj/AM0JK5L8tye5HrRAgI1AWWMm+k959Eo23jIr0mSMZoXS5BJApyM4owc5zWGp2JuMpU6MAuVbnvTXdbxnvT/NGGFNt3b5zUESs06aiF5rFvC+dpbLZ9QOasxQAAoGB6AelVhpbtYanDdAZCPk/b1qzLeWOaFZonDIwyCKPjkbI8xXJB4+kUqF/UG1iSeC5VQGkBDcd8ev9amZ471VH1a6tsoZUt0mQiAHc2fWuySNAeZWjYbci3UjRLE5LLkCqT671eNS0CupPrg069ZddpK7w28m4njOare5jn1C4MjFzuqaauepoHJu6visQjSS8kJ4wTwKsTonQYjBHKVDEd6Zun9HAQb1O7uM1N9Aljsm2HhSKm+7q+InY9HR8mj/AGNnDEuGGMCj7S6jQ7Wx/Oo/dazEgbntUS1jq0W7PtfJHalghY8Rp7lTkyV9Y6tFHA+1xwDVJdQ6qZ7h8Hsfesa71Fd3rEeI20n3qOyyM5JJ5NamNjFfk0x8nJ9zgRbxNz5J70osmFPNBqTnNbF+KcK7iWptNITnnika8ayBmrASZivVuF49a9t+KmdNK9WSOad+kNCuOotfttKtyqeK2ZJG7Ig7mqu4RSx7CSqliAIb05osiadca9fo0VjCAsZYczSHsq/3J9BTW5LsWI2gngVYP1qurJdctdC0sp+79Nt1RFjbylyOT/YVAjGSQccYpehzYvuN5/Sa4o6fgviJKAJCkkm1Od23nOPasxiOWfEjCJD3bBOP0H/Oa3aLzHbkjPGfWspEQQdoOPQ0UkQ6Yz/SbSpdfgYBJF4cAZth243nPP8Aqx2z6ZxWjp4iogJLr5QM5zySMfr/AHpcxlgM57cZ7AZPArbwQEVyynnG3B7ff/3mh9Wo8uCemNyIwV2BA8ue3cZAoeRQTwCSB6CnU24kYEbMgdsgfA7/AD/vQjRByoEQ4HmIzyc5z8e1XV5mZWEy9p2Z051Ray2qFJRjHvUntNZhmIw4/nXF9p1ZqdrGAly+B7Gpr0V9S5op1hvJDyeGJrGONZXyJ6nKOJZzW3P0nVsc6SL3BrSXa2eag/TPUsV3CjeIDkDAzUlXUFIBBqnVuZLLoxeZAKxb6te6fkW82F77TyKEku1bjNCzygjJNVbmR3HM91H1VrjWzxi42qR/CAKoH6iT6pdyOqhzk8kt3q4NZYOhGcj2qFapbpNIx2A+2RVU0rbgbk6l1KasNInluwZg2M8/ephpGiBINzjn2qTRaTCsR8oyOSfmhp5Vt43BPCjNFe9nga6FrEQJitoEYAHCnNMNzrSRxtIGORwBms6te+DYsW5Zs4+Khl1eZQoVq9VXXAX39J0I6XXUDTKwyefXNRnUJzK7HcxJrBYkkg/NISgZNaNdYU8TOexn7wOU5zSWMnml58AYFJLzTggCOZlU5xXmjIpVMZzWZDmo3J1BselKIvpWHx7VmJxUzgIoUIGa19OKX4KnOKTcccVUGSe0QPc+1XJ+z9pkNvoXUXUt1C7JDbMkTYGCFG5sfOQtVJa2zzNgL6+1XdeG56c+gemiwlWOW7nKykAchw+Qc/FJZ7bQVjux1G8CvdnUfEqIZnmeRjksSxPzRcFo0i4AGB9qxp8O9wCDjOTUv0fSpLpYwU3KgwuOOMk/7miW2dAnt/RPSDkfIyMCxOMBaw1kV7jmrL/6aDl5EhVFYkhVyQo9hnnH3p80r6ciORrrWYiURgsdqJArytgnBz2GFP3/ALqnJAnocvBxMOvrsOj9PJlZT9PJpvTB1fVAUmusLY25BBbsS7ew2nI98ioyRgcmrB+qUtxc6hp8c0capFYRPGEGFO9dzbRjgZOAMenaoHOm3jBOeBVqmJGz5mMKmNfuN57QWU5GP6VssgUCOCRlzkMx4DE447ZI+9YvYZraZobiF4ZF7q4wRn3FDEgnaCefjvTGgRMm8gzC2+c5BIPoKHvFEEgMTMCP6U6RXKGLIA47026gwcszfm9KtWzFuYtn0Upj7Q8yZdB9aXVlMkEsjEdhzV0aN1W1xApduSK5g0tmW8Qr3zVx9KeK1qhbJ4pHNqWs7WZ2Je9q/LxLYsNZe5mWGJGeRzhVXnNSqDQNXniDtEI8jsTQH0Y0aMW0+rzLukL+HHnsoHc1ZW41i2ZB6tDtNJE45lO9VWl/ppxcQsFbsfSojLdAZ3nnPFdB63Y2+padLbXCBgVODjkGuWdX1OK3upot2WR2U/cGiY1nuEjzBX6XRjvd3wjhY7xlqiOs6o5jK5wCck/FN2q64WLKr4FRzU9TMnG+tGqhmmddkAdovq+pNKcbuO1Mkk2cn3pKSfIPP9aHaTJ7mtKukKNCZruWOzClk70jPITwDWqFm8ozTtp+jyXJHB/SrsypyZCqXOhGRonY0vaWMk2dqE4qydB6I/FINyH54qbaX0BDBAMRgml3zQO0cTAZuTKKOmTxg7kOKEmhdCQVIroS86IjK/8AxcCof1H0VsDMkf8ASqpmjfykvgsO0qKQGkzmn7WNHltHOVP8qZhCTJtFPpYrDYme6Mp0ZqjvwO9OumWb3LhdnenfpnpeW8dXZODViaH0lFDJnZ5gPalb8pV4Ecx8N35PaR/p7pSRwpZMDGQcd6sP6nQwxdBNo0oAkjhjuIFZgMhBGGwMdxu/vS9raGzABGVHp7UL+0NaTPomj6nbqyRRHwXdTjIkQZH28uP1rKZmstTZ8zZrqWsaAlTaNGXlGd2GIJHvVtdLWKJaghcgAkeUZ/5xVXaEVa4TahHm981eHSlhaTW3gXl/FbxMBC5Vd53OPKQ35QoOQxzn275o+ZZrie7xcyvAwPcPc9vxj50do5udPW+1q3ihWSIzRwxuCfDPKFsnP5cE+mc44qQ3OkvJfeFGi7/BWdbm5Hi7SGHABBwMZwPj9aX6Ntt2iWEEOqTG2t4fDeJZAcKu0hXXBOcZIx/mx7CpHrkkcdhLKYpGnACqEjHJxyBnuMZ75xmqKgK7M81kZ91zgWN1eB/v/c5q+rl7Y6texSW+n/h5YVEZkGBvQAYBXHBH/nvxUd6C0aylv31bU0aWC1ljjhgWMv400nCDI44JBxyckcHmrB666a1XV9av5IIVMQdXaXgKQ/IIwPMcc8fc+tMXU9rJpD9OW2n2wgsYbyKV5JNhDzIQGLZJ9d5OOOO3AxxsAUL+9TezrsZMWuqg8kfXevMqz6iTrcdY6m6SeIizlEOCCFXygHIHIxg/INRwnmnnrLy9T6l+QBrmRxsORhmLDH6EU3WMdrJJGZrwQEybT3G0Y/Nn7+netGvQrH4Tx976Otxrim2nzZx8VhiZWITJrEse1uadunbQTyxr33E5o9jrWpeZeJj25VoxydRx6S6avp7iO6eHMIPvVx6Dp3hwqAuNvpigOidMMDKZS5U/qMVMImt4owQfXAyK80+a2RYdz0N/p1OEuqzLA+k17GtjPprNiRX8RAfUHGanJqp+iNLvtZ1lV02QwGMhnmHZB/z0q6rbRo0t1Sa5mlcDBbgZP8qWbGssc9A3FDciD5SN9S6ta6Jo1zqN5IEiiQt8sfQD5rinW7iWW/ubnJHjSM5Htk5rqL669I60+ntqEN5LeadEMvDtwYv+7juPn0rmTU4CrNx2o+BUanY2d/pFcthYo6e0i99JICeTTZKxLZp8v4cA8UztEWfaK9HUw1MW1SDBuTWVTPeiltefeiraxZzgL60Q2ASi1kme0e18SYLg96s/pPTowFDR8474qKaNZ+DIrFQKsTp9o1CnI4rMybOozWxKAo2ZOOn7OJIVCqM/apZZ2qsgBAqI6ZdomPMBUo0y+UrjcMfelZoQ+4sUMf5RUY6h0nxIWKgA4qUm7jI/NTZqMysjZIqTO1uUH1rpzwtIGiJHPOKglvYIL5CQcHmrw64jgMTEgHjtVYzQRC4VlAyDzimqbCBqZ19ILbk56Oso/wAKhUY4qYwRpGOwA96hvSl8kcCoSKkE+rRRxEMy4PzSrb3Hk10w7UZoPB8xAPvWnXl7Y3v08uYNURjAtpFJbuFyQ+SNw+xAyPbNV51X1OkEbCOUH4zRllqo6j+lNtLNeTQxaZfGLUBDgv8Ah3yM4IPYMf61D1NpX++UFy+50+Yr9PemdetES/8A3fo13a3iK4Sdw525OCuM4/5mrML2WlS2iXenCKNmW58GMnJbgLEQCRwBngYwDnvUc6K6csdKjW40TWNUmt2cOOVeGRMNlRjy8nGTwRjHGakEl6LGezk/wQ9q2I0352J+GfGTwNu4jnjt+lKXW9du/wDqOW3FgA3aH9D3UWl9ayW9vO8VvNGwzMd3iqASEP8AlcNzgdxnHFTTUNXl1HS7tbWUCRx4cRU9n3AYbOfXy8e5HzVQdS6jLBq8eoxsdwJW5VIyEfv/AInA4ckABfXLYBPChanrOkx6U2iWXUuNRubsy2dw25yQoYor5GI/4QWP5h5j3puhj068RiqtHAc/d/Y+R+9x9vx1nf21vdwzx6Z4ce1pr2SJYxFkAZDebuOxBHftzUMlubv8Lc2BupL2zu43Ec8u2OKWYgriNBztJwAeM5+2ZumpavdmKKWK3k1CAL+8LV4mUOfzf4e8hSDhPJjjgAetRTrD92CwudOu0kUBRG0pVmRCf8zg8HOF5wPWhWNzqHyck2bBRV/Af5/YlNdbagLy7ggOlLp01nF+HkG4kyYJwxyAc89zmmiz0u7upVQoYULhC7qeCQSOAMnt6CpN1jZ/g9NRdQu5b6XZ/wDzkWpj2Akn83qvOQPUFfSo5od3rrTpZ6Tc3IYszKiPhQdpyeeBxk59O9bNTlqtpoa+s81kv/yAMPyERuojI/Ao7QUntrhXRcjOcUalizNgjinmwsgihiMAetDsu2nTLvcPe9xDoyZdO67JbwoAuBjkd6Jv9dae58TAVfQCoqJxCNqmkjcgMSWrIWhVOwIe3Mst/mM6o/Z3lhn6VurlcGVrkh/fAAxVohveuTvoj9RIektVe21Bm/d11jeR/A3+aumdF6i0PV/B/d+qW05mGUVJBuI+3eiY1y1/8bnR3/XZgbF6vkI4anHHPp9zBKoaOSJlYHsQRXDXUNqbe7lSSJ08xwGXHrXehEYTaoz7k+tRjrfo3ROqtKltL6zi8QqdkoUBlP3ouTTYG9xOdDkf6lKrBrpM4F1NkUkHmmlQC3AqW/Ubp6TpzqW70qRy/hOdrEYyKiZQhvLTmLYtlYdexiV6srkGF20AZl7U+2NqinOPTNMdo5Qjd6e9OlvfhSO1dZswtLKOTH6COPbyOcUVDfSW/AJ49qaLa6SU/nAHbvToiRmLGR96XI13jquD2hX/AFNLCgDEjFOmi9bBpArPj9ahms2yFCyscimK1LRzkZ2ketXWpWG4J7WVtToXTtaNwqsHPNKahqRVCc84qqNJ6gktEUM3b5p4l6ut2gO8jNCKGMi0a5Mx1RqLvvDn7VW+p35ilZkY07dS6/BOrYbk+1QW8uzK5yTjPFPY1J7mZuXkDxJFYdTyQAgsa3verZ5E2hz/ADqHkmteTTX2VN71EvtVmtbh99qElw+XYnn3qWfSTWGtdTutJkgN1b6hEY3g3Y8T0IHzg8fIqCURYXMlpeRXURw8TBlPyKm6gPUUkVXFLQ5nSXRkMHT3SUunWyX19KxM8vhsVKoSdsZyPISMZAH8XepGl9pwuniIju5VuH8eFORHw7RhzyFwIyMHsTz3qO6F1Xa3vTen3E377kivJ4UnkhG9ISDx3/KCSM/6RReqATaRLZ2wSymmYzTtHy0AjeMhGP8ApfJB9C1eSsDFyXnqFIYcQnX98Nr+Kt0CXCP5xJIdjDDFCcc4IGMjsR96gur2fT95ZWmtTPNY3bT5MIYFvEQ4OQB5DnuTx8AkkyW5bUdO6hurWe1kk0xtkQELBmhJXbtI5JRtmQR2JA75FNdpc2S67K9k1reywxMlxFMu7xVIzyvfKgbc8sCuGycEGqYoOP7Q1VnT/MO/07xz1TqG/wBc6WN5o97brqUchi8FXctIpyMgkgEYLdw3ORyRkxS4sdW06y/deoaqZZJDHN+HvVdTcICd8QyOSvfI+eQeKe9Un026uRBNq8+l3EMaLbySwqjLGB2DAkOp5JYepwTzimHVr63ufE/fn4LWm3b4rpFG5zzuyM8j1wMcj5oisOxEu3yXa9oDrmrT6TpF3DJoFvHZz5WSMX5lVQJACArsedyqfKTxjPHZhvL6fXLGQ6Vo9zb2o7FZFjgQ5HHYA+vGSead9U6m0S13WJtoAVXbHNFbI+3J7hs8Y5BGCfL+pTWfRTYnUrq5mRtweHx5BHyD+ZYlwew7j/8AGlBCglOfz/SZ9g2SOrj8oH+KgDZVRWJb0HheKii3zf5qJiu92OaZbGImCLTH38SSOTk0PJcc9+aEhlHqazORjcOMUPo0YwG4h9q5dwc8Zq4P2eL630rrS1uLlwsc26Eseylu39apXT7kCTa2OamXTWoxwMEZsAnIPtWb6gHUbUdtH+kcxmBPM7rU8VpPKkMLzSsFRASSTwBXPXT/ANYNc0zT1tp0t75UGEklJDgfJHeol9Tfq91LrunSabHLDZW8nEiwAgsPYkntRB6oLB0op6vv7SzY3TyTxIN9ctas9b+oGoXNiQ8Icorjs2CeagqwkkY5rF5IwkJb3qxP2d+m7Tqz6h2lnervtYEa4lQ/xhcYH8yKbrUYuOAOdfv9Ysx9607jRoH03606gtBdaX0/eT27Dyy7Nqn7E4zUd6q6f6g6avPwWt6ZdWMpGQJU27h7g+v6V9F7aGOCBIYUWONBhVUYAHxUY+qfR+k9ZdI3mnalbo8ixM9vLjzROBwQaJ12IOptH7pzVK3Anz9s7t42Cl/WpJaanhdpPp71EZka3unjPdGKn9KIinPqaaesONiK13NWdSSX9+jJgnvTG1wqOWz60lcTkp3ptmmc8ZNTXTqTZk7Mfhdhl75oO+ujtwHNNK3Lp2NJyTu55OaMKeYM5GxqbXEzN/ETQ3zWWNa0yo1FidzPJr2DWVXJoqG3YjtUM2pWDBCewrO0j0p3t9PbAJXj3rW4sjGORx6UL3l3qdLD+gnUwtb2Tp66mjijuj/gGUZjZvWNx7H+hqx77pfWLHx5elQlkWl8W+0yfDRT8YPhyEflYA8cfpXOMUZRw6MUZTkEHkGrd6H+rUlvBbaZ1JEZoEwoul/MnbBIrIzsZuo2VDe+4mxg5oUe3Yfwkr/e+m3ep3FoT+GujIm62vG8N1YjcYyT383YjkNyMgnA13pDwak2qQt4lwYylwjAL44AHDgcq6kghxwR7A5p21iWy1CCDVrWztNfghzJDPBtNxEo7ja3Eo55U4+xPZjl1Np7iW7zM9nOWErRR5jgGf4kI8SFlJ7ZwMdx65IB3tfzmqSRyDGPWU0zX4bexjg1KzurQcwtMc4HHiYOeMEjK+U02zWOh2tyjHS2lKpGwEk7HLAHcWwcEk8kdvbju9X1tJqtj49lcWuqW/is8M6yLFIo5PJ3HBHGcY/lTXqNj1eBIkrWsyAKy/ig08sQOAQpQcjj1GQPX1ppGJ+IbUt7uh8juDz6P+EjN/b2+n2UyNw8edykgjBPIU8/0zTRc9O6dLei4juma3ZyJbu4G0E9/KpOSe/98805aqL6w02KG5uw9ygXw5zaqDH2xsR+XIxjcMYzk5NN2sXuuzWKzJbpYxRoxhmu2BkYZPKqBwT2zzjnn2YQN3Dd4s9qnusrwNS0UpHNDnvXhwa3iNzzojtBcHgZoh5iVwvNNEbNx70Qjnb3pd6uYYOdahCz7T3wacLTVHjxhu3Y0xyMdxrQMR6mqtjq45kCwjtJrba5Iy4Z/wCtaXN54oPOc1E4p2B5JFFJcntmlDgqh2IyuUSNGFX0gbjFTH6DdXw9HfUWy1S74s5MwXB9kb+L9Dg1AZJsnjmtEfn2or0B6yhg/d0/UJ9MrC7tr21jurSZJoZFDI6NkEGo59SurtO6V6buru6mTxTGRHHu5JIriPpf6i9VaDY/u+y1SYWw/KjEnb9qG6k6t1nXwP3jeySgcgE8VnWJmOPbIAHlt+PuHg/nxHlupA6ud/T/ALkd1YmW+mnH/wBkjMf1OaF34PNETtnvQsiE9hmtisAACZT73uZeQEc0hIec1s6Oq5KkfpSDZ+aOoHiCIM1Yj2rWvGsgZ7iryJgjNeVSTS6Q5HHelI4th8w4ri2pEzbQEkGn7T4Y2QA800K3h8jmibW6IOc4pazbCcfuj64jjXimvUbhCCBSFxdsQRk03XErPnmh10nezOAmXmAJwa1/EHFCnOea9uxxmm+gSwEeNG1zU9GuhcaZdyW7gglVPlbHuOxqVx/U6+mmgl1bT7eeWJSpngzFI4OOCQeR3OO3xUDtYzI+MZoowKuVkHl/tS1tFLn5DmM15VlY4PEk+t6xoesXAvYLu8067CqG3xoyuR3zsCnPyc/70XD1jrVtbsqQ21/bKAEkV2LAgg7mVmJGSDnIxzxxUAliAJ2NkUkQ68/2qv2JCAO4++H+3E+P3/eWBc9XSadEZ2t7P94upCCEhwqk5JdgxJ3f5QRgHPsKa4uoBeyRQwrKLufaJrud9wgGct4Y42r+ue9RMySMMM7EfJrdru6ZPDNxLs2hNu442jsPtV1wkA4HMGcpie/EJaIA9sUi8eDRchBNIyMP5UYExeaKABzW5OO1ej8/HejUsHdN2CR71DMB3nCNxOTzXqMktCpwc0k9uy844rg4MjUH9ayHOK3eFlGccGkWVhzir8GRNvEOayJKSwa8PSu6RJ3CRMcVus5A5oYZrPmxVCglgxhSy7vX+tdOfssfSPSdc0o9WdR2q3UJkKWsDjytjux9+a5XDlWFdz/sc9S2Or/SyPSUkUXmmyuksfrtYllb7c/0pTJr2UU/yk8/04EYobufMsbVeheitT059OvOndLeBlxt8BQR9iOQa4v/AGjPpXF9PepEOmzGXS7zzwK35o/+0+9dzarpMV8uRJJE/oyNg1yh+1VHJLr1nYy6x+MitoyApA3K2fcd6SZmovQIgUE+PI19P8xmxUelmJ2R++85xkg44FahCO4o+7AjkZVOQPWhgzE4AyPtWyG2Jj8zMXKnAzXmPo1brtxnsaRlbzeuKr3Mt0a7zDMcYJrETHNJ5pWKN3BKrkCrngSN6npD80meRRCwh4i38QpW1tUmtnb+Jar1ASw+sbSKyqFuB3pYQuScDOO4oq1hjZcKdr+gPY1YuBOMQtxJCckUs0njNhuPmvShlbD8V7ar9uAPWhnk7lIjcQOq7xyPih0ZuRtonJEm1mytbXXhDyxryRVwSOJcJxvcBBOcE17K45ArZIy0mzsfStntZVQuV4BwaJsCR2j8ugXhHCMT9q1k6evBy0ZHvV1aHp8N3bhgq7gO1PDdP2lzACUUEDB49awvt9m5vD06sjvKCstJdXCsCCDzmn2GyEcJVhU91jphISSoC4/rUR1mCa3VgAOPmrDINnBi12OK+0jt3Ehl9Bih5IkkjO30rE0jrM28c5pJp9pz6HvTigzOJIm8kKMoU96CurbCgACiJLgFMZpLxiW5+1FUEQRY7gj25A5GKH8Pkij2lyCPmhiBktRQTLhgZiCFmPbNEy22I9wFK2QXI3cA06XCq0YXAAP9aC9hBjCVgiReRMH5p96I6r1zo7Vk1TQr+W0uBwSp8rj2YdiPvQ13Z7VyOaBmQKvNXJW1elhsSmmQ7Eum4/aQ+od5ZtA13aRErgvFBg/3qutT17UNZuZLm/uHmmkOSzHmo3CjMOOacbK2ZzSxxqqz1Ac/1/WXNjuOkniJzwhskE/qK0WEgccijZgIztb2ocSLjI4FGViRANxBpkwRjvjtSZgZmGATUn6U0mLU5ZLi7J8FDgKDgsfb7VYWk/TOw1m38dL42pHlKRw7gPbJzzSWR6nTjN0sY3T6fdevUolMQ2rSOUHDUZpcU0N0UKd+CDT71h03edJ6v+GumV8jfFKvZ1/2PxTVdXQd1mh748wplb/eUMvIMStratyrDREJlsIReKfyJIMEH0NN05bTbqSMruU9jThNqEGo26QlgkqdieDSTvFJbtHMA7r61Zdj+aCLGNUkhyZEGB3xW0bK48SNsMO4pG5fB8NORng1iOQxcSADPqKPrYk73Fbg+IC4I3eoodWO0g/pWJ2LZZT/ACpDf5drZq4XidMvI27J7iveKxNJHv34rKBs5AzV5MXQh3ywKmiIpGB8Ob8retetyjIUmTb7MK1mYRtgHxENUPPEiW90rrEyYOTgjBHtUmh6lSC48OQ7d49ag+g3lu0oCMoO3zfpWOo7mJ7V5Y2AaM7hisE17btPSq7Km9yYXnUEN27QbgWHHft81HdfihuoGOdrD2qEXt+6XMN7FIefK4z6+hou71adrQyJMVYcMD6iijHK6IizZAYncbdTtZIpOST7GmqR/Ngc4pa6v5Jo9skmWBpteUiUtnvWpUhA5mXYyk8Qgud2CeK9uxWiLuXK0mQ2SrUQQbCblzk4r0ZJIyeM1qgyTXmGxvtVpTWo5RuuB2xWXutrbDyPSgFlAj+aRaTJ5NCFWzzD+5qSOFxNDzg0BfRKMYFCwXjIo2mvSXJccmqCsqZc2BhDbK3XacHvTjGsdvFwST3pmguWj/xAMgelKzX4uIdg8pFUdGJl1dQPvi9xJC7EFqBn2ocqc0PJKSOTyDWplJXJ9KMteoJmBjhpOuXWmS4iOYy24qatf6ffUzStK0a9a8DyXbAskXYM339BVHu2Sc1hWKnIpbL9Npyh8how+PnW45+Jky6s6g1PqzUXvbkZY/kUDCovoBTfZaRMreLPMI09j60zw39zGcxsRivPcXty/mkdj96KuOa16E0AIna7WMWY7Jj9rWnW9lCsykHf2INR8O4ZiGOD3pxlkJ0orMXcxkA47DPag7WeFI3WSHcWGFPtU1BlU75hOhNjUQI3DO45rWSQnAbJpWWFo5GjZGVwcFSOQfak5Y35BQhl7jHI+9MAwZ1NSRjIrUnJ7YreOKSSNigGEwW55+9bWsbtcIE2F85AfG0/BzVpG4hxSsLiNssgYe1FXFpGUM8Sso3YaI90Pt/4pARh5D4WSD+VSMkH2NR1AyNzM86OoEUOwjuaxbBpXCqiFj70sLORwwV/TPbH3FJD/BZVVsNnIZe9VBGtCcdmWBJ01eWc48AykuMggcCgdQ0TV443IctkcriukH0KAhWaAHaMDima+0a3kMqlAc8YArAGS4PM9O2KhGu05iuVuoZDHMhAHB9q9dyloV55xg/ard6v6UhjspZvCAY5I4qrdU01g6CJT5h7VpUZC2a2NTKyMY1djuMqkAE1iUZ5p1j0S5ZGcowA+KWHTt2YtwBPxjJpr36x5iv2dyOBGy1c+Hj0FKyqrHcDnIr01ndWZKyxMvzSG7ao75qRonYlGBXgzYnBPGKSdsvS0K+KTxikpkZGxVgedQeiRuaP+WkiTnmlHU4pMg+1XEiYyfetg3Aya0NYqdTgdQlHVRjvmkywD5U8e1aZOO/NY5rgJYmKOwYVruI9a1r1cBOJnmOa8PtWBTjplukhG4jOeM1DnpElE6jqaQW0rIHIG371I+iuk9c6v1RtK0SKL8QEL4d9gIHpmk5BHFDxjIGO1Sj6Ta9LpNzfPZSRQXhVQtw+8/hxnJcBAS2MDjBHuCMis3KyXSosnePU41fWA0hFxp+oaNrktlf2rxXUDGOeGUdvcH+4P2NCXls8TrIBuiYnYwHB+PvVldbXmnTxXn4rUY9R1eaVZDdg5MynnI9QNv8ACcY9OMVCbG4kZG05ohLFksBtyV+/qR/+jFdRkmxevX7+sDfR7bfE7g9rBM0jK8Mb3AwUzghwM8Zzg5B/oKHZJyz3NsDlQWYDnA9c/HvUx+mvTMfUvVtl07dX/wC71upgkVw5HkbBO32LHHl9G+4xVrH6b2PQ3UxsOvYIj0/qzCO0162coLO6CnaWyfIJBncGBXIHJGcQ15ViFGz+sqlPXok8fpOc2kX8UJxEFQnIQE4Ax2BznisXSo2xSqjjyuBjcKmn1W6Iu+i+oGtZVS4064QtaXEJG2RAQA428AnKnHz81CgwMeCgWLIV8ZO1v83601Tatqh17QNiFGKnvCNNkCyMLkr5Vxls5Ye3+/6UhqEQgnzHkBgCrA5BHxWmfDlWOYEhfysrenoQfatWE02/C7hHlmHsPU0UDncoF2eJlGkP5SWB+fWnCKyvrrbNYQPesIS0iwRbmRQMEsFHGPf9ab4pUAjGZWQAkor4Ofccfb71LtZ6r0GSLSNW6b0afp7qGzO28e2unaC59pF3Esj+4ziqv1eBLpryZ//Z','distribución'),(30,'pueba2',NULL,NULL,NULL,2,'materiales','2021-06-16 22:56:43.231652','2021-06-16 22:56:43.231652','','creada'),(31,'prueba-serivicos',NULL,NULL,NULL,2,'serviciales','2021-06-16 22:56:56.769690','2021-06-16 22:56:56.769690','','creada'),(32,'prueba monetarios','asadads',NULL,NULL,2,'monetario','2021-06-16 22:57:14.104025','2021-06-17 07:41:38.000000','data:image/jpeg;base64,/9j/4AAQSkZJRgABAQAAAQABAAD/2wBDAAUDBAQEAwUEBAQFBQUGBwwIBwcHBw8LCwkMEQ8SEhEPERETFhwXExQaFRERGCEYGh0dHx8fExciJCIeJBweHx7/2wBDAQUFBQcGBw4ICA4eFBEUHh4eHh4eHh4eHh4eHh4eHh4eHh4eHh4eHh4eHh4eHh4eHh4eHh4eHh4eHh4eHh4eHh7/wAARCAEAAQADASIAAhEBAxEB/8QAHAAAAgMBAQEBAAAAAAAAAAAABQYDBAcIAgEA/8QARxAAAgECBAMGAwUECAQGAwEAAQIDBBEABRIhBjFBBxMiUWFxFIGRIzJCobEVwdHwCCQzUmJygpIWsuHxNENTY6LCJYOjVP/EABsBAAIDAQEBAAAAAAAAAAAAAAQFAgMGAQAH/8QAMREAAgIBAwIFAgUFAQEBAAAAAQIAAxEEEiExQQUTIlHwYXEygZGhwRQjsdHhQjPx/9oADAMBAAIRAxEAPwDrBJA8KTU73DqCGxLFmCAWqGEbdCeTe2FQZpmOWV0eXzUC3ksfA9xYnc+gv5+eCUwFUhCSFGbz3wvFxXkS7ZmWM2zzuom7iJmPIMTb3254X40zDMZg6xnzLEWXFiJBDXA1KCaJLKXIvb19/ff1wzxtAYdSOui179AMW1DzfxN+U458ocCL9AJqecRVSGxutj/PLF/hmqSlpqjLqqVIzRyMql2teLYqd+lmUYpZ1n+S0zGOapWVx+GIaiPphYzHN8vr6pZ1WeN1UJ32ocgeq8vnfyxTqKlB4MkjM4ziM8/FEIzyOHXB3Ksw706gFUgbkddxz5b4OPmFJPmdPBFUxuojeZ7HYDYA3/1H8/LGR1U7JXgFo6iyale5UWJ5kddtreeIpJokkJjJJHhbULjn0HQXvtiksEGJ5K2czU8yzLKIHuMwQ3+8iHVt8sDZOM46OFo4YWnt9wubAD9+M3nzZO4JEpIA+8DYfXbFEZmxkJWK4XcEjw+9+WIrew/DChpsjmO2accZtOWWB1RbE2QWA9PO/wA8Z5xBnNdUzGrqZS0mq1z7nF2OrlqzoiKAsOS+Ij6YXarLaqpqnhrJWQQPbQRbc26fPnju5n5YwimlV7SnLm1RPIscQLPzCrv+flgpl0FRIrSVdQQF5ovO9r49pl8VG5SKNQVS9+ZNgevyxZpEaWopaJf/ADpQGPkAATiux+whIAHSOvCdDBQ5Y+YmIA6bkn8hfz5fXDdw9DM0K19SNcs26auSD1HnipltGtXSUdKV0wN4jboAL4sVMlZlLmaFxPSi+oruB6EdPfBmhqAUuYq1d3rAMv8AEM+rJJCjk6ZVBPvb+OPOSuZ8qsCf7X9xGBebZlQ1uTTinOmRmRmiP+Ybj0wLGey0GS9zSgmplaynnp25++CWbFgg+QCWEM59mjUki5bl15a6Tw+HcRj288V82p/guHK01Mwao7m73Ow/jjxkFLDk1E1bW1kArJ/vM73ZR5e+JaqppKnLaiaGRp5GhZQdJA/PE7UV6W3HnsJ6p3NoP6zIeHa6Jqioo1jcQ62cuwAZrsb87ch6X9sEpGhpZY6nVKyRygxFrPa29jt1wk5jVS08laqPaWSQhSSQD49/34hyfPJpDLDMZLhCIEvr8W/phMFbOOwjkht2G+d405hmAzF3LUEEiXGsvJ5Em1gP53xnXFVZSSOjZZG3dlO70lbBLfr74uxVNFl/gqDNNVamMvj2N9ifexxVosuWSATSLcy3cHmOYI2+ZxJSWbcZWoN7gntNW/o+Q1jUEVVUqugT6EYi7HcbX8sdCxC6jGFdiQ7rJ4kMgYfFX228sbvF/ZXxxfVYTKtemwgQfPXiOGKT7oKE/nbAabMEpckqqyR9JVmAb52H549ZxJahi33WI8/Rxha4geSq4fipFjMqO7ySoF3IDt5dAeeJLc2MD2i/GTFTL8tXNM5q6qkBgKysTPZW1E8ufI8jf0wzZe1StGPiKgyRI+lzpsxHIn8sfcvyWN4QlGhhJILkggAcy3vzHzxYmlhmLU8DlwQblN9h0A8tsW0WCq4EHBhFGy1DWx45jVQ1lLUwotK5ZVWw23ticRtISL7Ha+APDkFRTESSDVEeRTfY/rhlpe6hgCRatPPc774eWBTyIr6MayQcRL404h+B4hMCTKhSMKSQCd7k8wcLi8Y1esFzCzAbkqQQfl7fngFxdWmvzSqntK0c0p7o6TZgAOv1wrwtMrm7EAchpK3+uESqccx6tYC8TSE4mrpY5HhqAL2/AGvceR/fhdrM1zCWUz1VdJIrjUqaidj/AIeVv55YU482mjQSMJNN1XUim3yAwXjyPiXM44/haNo4mUWadwqe4HP544VIPEsFc+yZq5n0OrsoNyb2X+P7sST5wkcQ7xwmre5PTBbLOzur1CTNc6YhtykC7/7j1+WGXLuD+GaSxXLkmYblpzrv9dvyxHymJksIBEKjzOozBxHQwVNVILAiOIsB5XPlt54JZZwxxNVsXagipY77PUOBY36gG/5HGkwlYIlhp4VjRRZVUWA9hj1PUP4YgDvvizyR3kQ+PwiKtP2eTTAPmGb21Mfs6dSAB5XO+D9DwhwzlkWpqQ1DbDVM5O/pi6ryIvjciw6YheVdemTxWtz3xAkKcAT21m6mXKeSgp1Z6WlhjA5d1GBjIs67yfi3M1RkAeRZftCQSAqk22Nzt/O+NEzvM4qSmLPcISFAB3JPlhFra6eOValaVBJG+ss6m4TzBHPe2Obg2QTiTVVVTzgyLOZ6aEtENK1ESlT01XBHM8zc8sRZO3e5xGoAv3TkdDfSg/finV5qXnmcUsGZ1EhswICtGpb1vcb/AJYr8KV81dxWv7Pp41aJbtG7NuNSAgsRa5NuQHtiq5gTkczwuy3v9uw+e03/ACiMMKaNTYGB7Hp97H6uFJQRq1TUsXReUa7nEmXQ2go5NZGiOTYDmLj/AKY+1tFTzzapA0tx+M7fQYa6Q2Vpgd4nuRXc5iRxDWUk0pmpKTuH8gfv7/rgdluXZlXx96gEYBtrdwoXbb16dL4dc2hVOG6y0SRNqFyqBSQCOeKnDzRDKZEuNQdWI8hq54IOnHnBWMHDEgsBjEr5ZweRIWrKwO1vFoW+3uf4YDwcQRZPX5nklVRtIJyz03d27woy2QhSQCCoBuORv1va9xFxcIqxsuyqoDG5WeaOxIblpU8tr7nofY4rZDkdKxkmgo3kBbU8V2AJ/vc+fythJ4l4j5b+Vpxkjr7R7pdKKq99/RunvEU8J1M7PVvl9NUoZCyrK7gi58hpF9ze59sUc/4OroqKaqyynSOsse8po3Lq6E31xu24PUg35mx2tjaxlcRMbRU89OQLERvc/wCpTzGJaui01Mccid5HIQRIo3Rr/wAP5tthWdVecO3I+n8y19SrjbjicsVfB+ZUsxq651FNb/y9RJuR98EXXY72vy+eDsUC0xjQKAYnKhL72tta3MbfmMbXneV04ilpO5jZZo9MXh5N4vn0xnXGOTrQQiaKOwgbQndOGMqKNA289xv0BPlguvWiwhSOTxCKmT/yIZ7HmkbLozYf+LBvy8sb2htBz8zjBuyWeOWiDJD8PeqH2ZbVo2G3nfzv1xuhcrSO3UA/pglPSWzA/FOWWKnFspp0g0b+Ak/N74BqBHQUdbMkkkaJKGAsNBMh38yeexuMEuInaVadWOotCW59dRxQQd/l1ATIdLavBqsCdb2J/wCuKBn9hFyoCRme8hq3CSwSi7K9yVsdS2BFjzPMfLFWnoWggdqCoiMkjuRMHJNr8ibbeW2LZjakV5Zk0mSyKb30j0I5chifLqVZFugbSDdSDbV1N/564N0umFoBs56y40VE9eDD2QkPTLIF0g/eHk3XF8CPcDbEOXQrFSaUUgk3sT1xPSRyNJ9pGp8rHDzYAvp6RNt2kqZn0EdPRUy08MQ0BjzN7358+Xyx9rKehmg0tSU+qxYkIAfqMQuxG1iet8eZZQtPIeR0nf5YUDjiabYBjExOprrL4dIIqW3ve3jON4pHKwRKxtpRRby2xzhLJ9kGBv8Abtf18Zx0KslrW5A49nEtKgy80125/LAviHiOjyiEGVWkmYXjiXYn1v0GK+fZ3HlNLqKq0zg90l+Z6YSuHcnzDijO9dZNJ3cjXd+p9B9P55Y4STwJzYAMnoJLUcZ8V19Q0WXIIiN9EFP3jW9bg/XBPL874zyyoiqM6oJJ4GBP2kYiZh/hIFr/ACxq2SZBl2W0yx01NGgHPb9+L1VS0tbTvT1MKyRtsQwvgtdEWXJMVW+JIjbVXiK9BmWXZtSR1tHL3kLWJ23U+RHnjxM2t7i+x5csAXyeXhHi7RFMXy3MLkK34W6j33H1wUzR4xUNFYsL323vhTblDiNKsOMiL3FUT1ucUbPOFpKeNmKhtzJcADnyt+mEet4jeozGqpZIjqpizK17OANrWPueuH+tYuwGgJtfmL4xPNmkHFNXICSVdrW3vYn+OOUucnBhPlbF4PUy0uZz/s+RgaOKqkUumhrSgA/wB/PDP2eVss/FESu7M7oAWAG/iiPTGfeL4yWdwWkIcG3Lkd/zw79mTBOLYAxJJDKAPQp/DELMY3GQ02n9O5us6ZoVKR0lhe1M+3nuuK9ZMqVGksAx3GLMLhI6QH//ADOf+XAd0eprRG0h1kXGk2t8sN6zlVA+cRHnDk4+ZnrNlaXh+rDMdw1vXfCnndLlsPC7V2Z1EsEsJKxhDcyl7fZhT98+G9tuR3UXIdK9Q9M0P4EFvc3wkdp9NNLlFNHG4WKmImqCGsQrMqD5ksbX6K3lbEtY4Kkn2l+iTF64OPn8xd4SNH8KtRJAkbtsHZDfVY8hv6dcankkFNNQFJAO9uSrxuVIv6jn+eM54ZSkaNJpk76NVtHAhYC/mTbb6/ww95IkaQ9zG2ksNRiDbg3Fhq8twefUdMYWs2eaQ3f3/wBxnr33tCwkaABWciRQWbWSwYdbE8va+Ks+a0qUD5hPVLFAl38QH3QNieZ3uLAbm467YX6nP8krsxOXUsnc1HeD7RRpSVr7qd9z05edje2IK+E5tkjwxCJJ6cqhhf7rMtgu56HTsTa9wdhgrzGDbT0gq0dN/E8S5tFXxVU1BUpViyO8QVkaJdRBKC1z135328rC+Ps2/Z+UUKJTwmKUm6pdF0gKdypFz4lA6bG2KeXU8GQ1FbJUVKJPNF3SRxTBiNTbsSNgQBf5edry11PmM0AparJkzKkIBgNtIVugBuLDcDe3I9MdrrLsCq5hoRVbjpPnB1HT5ZUa6XvRBVVCVSq5uVLgMVJ6gE/mOeNjmkBpG35Kf0xzxwBnS5jVJMiywn4nu2hIsI9JK6RYkEbc9ufLG/SsP2fIfJW/TB1lhRAD1guvXO2JeZ1WuSikG69y2/8ArOIaFTLk9Ii+I/aEAb6j3sm38+WKMr68soXNye5bf/8AYcV8uqK2Kmy004DxukxI1WZW7+SxH54uqbH4vnMXMuQBGfIKWpjganrpmISQshaxv7fU4JU1NNBKZU17PdRbzHliDLopZKkoFJCWDFt7NzOD6wtGC4FyOQJw78OTaASINqrcqdpxx2leGsa/iQaQLWGPwzFkfwAA48GndGLGQW6DHmSFu7Khbgm588PCqGZ3+ouHDREjl72njmt4XXUBjzUkGkc+an9MVcrkQZXGga4jXSMe5JVNMwuLBT+/GZzPoW3mc/iRjTi+39Yb/nOOgHmdDqOkKPzxz4p8O4uBOx//AKHG31k9ojqduW3ljzdRLEGcxXmqXz7jacg3pqRSnPYW5n+fLGodm8CiNqojwkFUH91dsZJwdFI2V11ef7SqdVYjkbk6vrjYuzshaCQqdQD6eX+FcSTrmC6x8AL2jwFTuQed98fYwoTxEADcn0xHFqeMMAPTEOaSGKnKnbUN/bDXzVSrcZnnoNlu0RO7TJu/yKaoQWlo2WpgtsfCd/qpOBUtW9RBFLrUgr03vbBniRH/AGBmlVJoJNOyorC4AtjCKniHMDEsBzSWmjFtKQARNt5MLG3pc4z1ubPUe80umAQbR2mm1FTBGzPNIEAW+smwB98Y5MY5+I6qRHVwZH0spuDj7A1XmU9/hqyrJJ8QDtc+rG378DstjkizCSKVTG6s4Kk3tY45Wu3MMYk4k1VZZVvzu5G3p54aOCHEXFlC2+7Ofe+k4VatPGH1feZ7EHng9wT3h4zy8X2BYf8AxXFdgyJentOn2kLR0q9TTy//AFxBQFY2NSwtMQEAJvj5CQ1NSMzaQKeQE/NcC5OJMky1WWaSRnj5godjg7SMLFDDtM1au1zkZ/8A2FquXuqKZpHDKj3P1G2M27T86nrspFNHR1nwkFQsk9QadxGGtpQarWtduu17YtZ1xpQz5dV0tHTz2mNzI2wBv0IuenUYQeKOIKmuyZaJWjKQkzSBZL6mA2O4Hmdh54J1a7lIBl/h2POBYfPnSF8grI1EU1UpncnTDCTqv8v34baPMGoCYkQRvobWrSXuC2o25WOo3Fue9vMoHBUs8jvEk8iSRqTISEAUW/vsRp5W29MM9PPTyZz8HPl88NSzAtFPG2sjod9ip362PrjMPSwOQMiNtQgLGFKDJ8sXM6Opp6iapqFlDJRwQF7SXG+oE6UBIJvyGxPXDSeDlFL3sWYz01fILyNpEkd7KttJ32CKNiAbXI5WmyjNssyrLPhIhV1b0qqsiU1PJUSXtYF9IJ1G1/FucRV/HWV01O0xoc2YLsytRPGQfIlwAD7nBtWmrQlm5JgLvezbRPMHBmWJIk9a0tbOANReyoT6KOnoScfOLMypcsgBmYtLKdMUa7s562HoP55YLZVm9PmuXpVwJJEXXV3UmnWvlexI/PGZcRxcR5nxBmcmV0lPI7o1OlVURkiALrACKdmOsEkkqN1JLWCglUB4WeQsGy/aLPCkaxcaZoEIQS5qJioN1DSKJCPkXIx0JL/4GUf4T+hxg3DPDtbw/wARfCZjUST1Ly08zyuQS7NCmojYbatVhYWFh0xvqIGgkB/un9MLteCbVUSeuI2gzNymjh2jlO2mF9v9eJuEKZajIMrvHrYpIFvzH20l98R53IKfg+kLafFHJ7fexe4OfRwblbxlgzRtdrkWXvWvy64Y6YK74+kTXMQkb8sp/hmZmKgkWsvIfxPri+ikuWZwR788DKadPh5Jm70mJPEsYLM4A6Dck9PPAqPi6KsrWy3I6dJcxVHEcVYWhjBVipLHSTYHoBvuNjhsb6tOFDHBPSBVaa/UElRwOp9o1NDF3gaQ79L7Y+hIUW+pfEeZOPUbTPQx/FmJptAEui+jVbe197YFwCEVHcRkIV+6h5k7k2vv8vIY7/VtvCnoZ06NFUso5EyakltTSgHZeQH0x9mnC0bttsrH9cA6CtfQ3fh4+8NvHZQNzYDe52sb++Ls8oFLKocECNiLH/DgIjM2G0GY1VVKLRrpUajO5ufRybYKVOfZ1VuS1cwW1wI08JFuR2NvcWwtV7XpwwvtM24Hmx+mNNyvhWgaKJ5ortpAUsSbbeuOET1YznmT8HJVrk9PDEY2jFShbzAJ/gTjZuAYxDksoYEsJRf30JjH+CY6eKmqECqNKRkaRa5Ja5tjZODbSZdIqqv9sDz8kTHVBzxFms5MZ8vY67EEemPmaQrpZ2NybW9MSUsXN2O5PIY9ZiLwEnpgpxmo5ixTiwGJvGrMvDGbEgJphe1x0AxlGWZLl4pxPIq3LMLBLcicap2gSk8IZxIbACKQC3kMZZQzv+zogpOxbf8A1HC7GRxHukziT6IIZwYU5W3NtsZXLPbiSsUmx76S/wBcaLPMwdNB8JO9zscZVWG3ElbpIH2z7+mIquAYZb/5hGdvEoLXKalNvPbDNwIoPGlApNxqbYf5VwltdptN7XJbl5Xw4dnETVHH+Wxxndma1+my4pccYhFeAMmdHZhG5yyhRSFLQuN/dMKFXw3STtqkn1+MbKACLm3X38sPWaoI2ooE3CxON/dMA6oLFSgxRr3zuDf2N8H+H04G3Myeru2gtFvNeFMuospqKl1aR4tJOo+ZHlbocUeF+H8vzrLsxpGjjjZ1Cd6QXMYYEErc8/LDrxtCsfB1TKu7ShGb31L/ANsLPZoXjpcwcXuzqAPrg29Vxj6SFNjZDZmf8PrFlOaNHm6z04kdkbv10kghfEVO+zJz2HiPls20cEhlokcxLUUrloAJCwaE8wp6gbEc+fS+DfF2THiepp6WVylLDIDJpNibAlrdLk2Fze2/phR4zePgdMs/YUxkjdWilpatjIsb2BLqAQVJu17GxJ5YW2ad6kAJ6x5pPEE1DbCPUc/biPMlBWV9KyZXmEVFVk3V5Iy6N6EBlP0OAidmvEeeU7pxbxFUSRM8l4aNlhiCMCBoKgSAjY+J23v0FjY4UzhK2FZkISVfvKD06Eeh6fMdMPlFmYkhCsd7YhXlDJawHtBdFly5X3SwMSsKhBfmwH5fTbF+h8eZNSFW0P8AbI5tYgnxL7g/8w5728V8oELkEbg7+WBvCU00+axiSr+KMIJUqF0jaxu4HPfZRvtvYDER+LEoILIX9pT40jVu0GKQbARQD82xodtFJUNy0xsfyxj+S51/xFxhndejAwRZr8PDvfwxoqAj3ILfPGvZgwXLqodTE/6Yq1IXfvbsJVqgVRE+kyjihi3DdNGWtogcj5uR+7BzhWKL/hnKY5I2bVHcMPLW5/eMLfFrlMtpltsaDV8+9bDJwJUR1GVZTA1QUaCEllYFdR1uBY8ibjlzxPwwFrfnuIr1Rwo+0caOONWCqpN1vr2wI40mpMuy6keTu41WoUR3FguxJtblsDgvaRCGVuXQ4FceZQufcMyQCISSRMJkS25IBBA9SCcaW+kGkr14guksUXLuOBmSZFmwq5WpzVU7MFDAK9zY2/jgqaClbUSzl2NyyuQfy6emMiyuEpTNLl1QIqqBdSAfjtfb354duEOLIMziFMbLVxAa4ydz6jGbusKJ6Rkd/ePbtMRlkMz7PHhQCBIoXjPhkvzGAsKGmSrp7s0SRFoix6EHb5Wt9MGqmnp9PezDTtdzgPXyRGKqKkqRAFRS29mDk7c+gwacAcRgme8xuqDCkta95m/5jjccrYGgQgm+gfoMYU5VqRBc7zH/AJjjdMl0/ARbggqtrewxyTToYB4Pkss6dQic/RmxsHAkzJQFh+KWxvyHgTGNcLn+t1CA7FVIt/mONp7P4+/y+2nwLOCbnf8As0xJIp1nMd47mNWHIi+PlWdURW3T8sTxbJYKAAMRTX0k2vcc/LF9jhUMXdCIhdp+lOBc3AsGMEjD6YyDLpmbKKduRuw57czjXO1FSvBWbXGwp5fncYxvLkRsmh0vbd9wedmOAK+c5mg0fSTSO7Muok3N9+WMwq3YcR1wCgjvpP1xo2o62bla9gPffGZVxb/iOsJ/9Z+nqcdA6wu8fhl+BryX6lG29DfGhdkEQPaDl7AA92HbbqdKYzmIESG53sdyPO+NU7Bqdp+0CDUQx7iRthyFo8V7R1MhdZ6CB7TfqtD8TSNJY3ilJ+qYFRxiWsllKNojOlAVP1wbzoha6kAIv3cgt80wLztzDThkJIeyvb9cM9Hjfgd5k9U3eA+N5pH4WzNNDhVQMvLw+IeuAHZwk0kGY6ZCgEgUXHPn1w08UQBuFa6JrGRkDNfzuNsL/DE1Pw/Ra8xBTvnEnNRYetyOhBsL7YlqL0Rhk/aXaehrkIUe8aDTxQUSFnkJZt1ZuTWNhjIe1+PL42oahqhmrWcgU531Qk2Lsfwm42PWxHmcaPneeZXVSRSU+ZQGHVpku1rXBBbe3K9sYb2iZkk/FdZFl816iWRpBIATojFlU3t5Ja/sBva0NS51KipDkt+3MK8M0j13Gx1I2/TrkYxHHhsSjKKaellaKeJdButtvIg/L2OGSg4lkgcR19O6n/1IhcfMcx8r/LCH2aVDx0s9JJUtVOrazqFrK3IfVSfnhnzMrTRtLKVESjVqY2CgC+5wHZRtOM8iaVgHA3CNuqmzgRvHMjIbqsiqpYeYuQbcuWL+dT0nDPC9bmEffz1hhaOnuTJJJKQQioo2HrpA2W52W45w4j4pzOSvSpyyetpEJMUAgOiSc9WJ6Aet7X5c8Wsmzion4od6+vqKjQhZu9YOFGqw8T6iL2BNrX25YsGjZASx5lNGmOoICnC/5jx2IU1TS0EsFfDNBUrmGqRJFKtqIBuR63uPMY3/ADIk0tQP/bff5HHC3G3GOa1nF1fWZZNJTQ95ojEZ2KooQNY+YW/zxWy7tH4vy4/Z5kWj1AumgKHHkStjY+hGF2r0dl4GCBAtSFd/tOmONYT+xo6hR/Z0Kr//AGN/1wc7NpKwUFMEMYpmgIk1DcP3j6fy1fQY5th7YMzq6R6TMoyIpPwKdSKAQQEv4wB/iZr+mNk7Fu0LhqagXLZcySlqAAFFQLK41MTpblfxWsfLywZ4VU9VuH46xT4hSfLBXmbIzmIWlZST5Y8Gd/8Ay+WKlbrke68vI7Y8RvMFC3AtjTHIGIkQDqYvZ9wyJ6h63KpvhKglmMZuUkJ6D+7+ntjOc9os1p80Bq4ZoahW1K6SaXH+JSOYv+eNizbL0zOiekmewcEXAvYHY7Ha9r874G1tJk+V5Z3KZTJXpqP2aR960anZiCfugW8+fzOFOsoTBOAB7n/UeaHxB1wp9R9u/wCszipqpKikZ2A0Ab+V98KmYVGvN3QPfRTNqHQH+T+WLGaZ78LTrGyMskgsolUqCOe1xv8ALAKnkk/rlZOVMjqb3FvCoNufnv8AlgbIIwJoqk5zEhX/AKtGLb96xO3qcbfw/MTlkOrcBVN/LbzxhgNokAuftWvt/iONhyeoC5bGLkju15ew/wCmImcqGQZHwhIJK6ZSNxEtv9xxtnZSRUZZUSi1hUEW/wBCD92MJ4Jk111QDcDuEIHzONr7G5bcN5g4Bus7HbY/cU48G28xPqQcx8mkYBtxtzF8eXkL0rMu4CnngVQTyVUJHeL3rDdSeTX3F/T26YsCKoSLT3MxKqeVmBubdCff2xxmLjIg1lBU4MTO1WS/BWbhelNID9MYzll1yKEbWOqx/wBRxtHaRQV83Beaw0tFU1Us1NII1giaQk35DSDv6YxyGhzGkyaGGuy6ppZF1XWohaMi5J5HFCE4yY40eBwJGn9rY9DuLXHXCJLSD/iGsZxylkI+uNHyyKFPHPa4I2vhPkpJsw4nqo6OnmqGM0gVY1Ls3i5ADEx1hGoOcQV3TfEvYApdrXGNX7EJO641dojpPw0m4/CLxfuwgzU5jq5VZGjkXUrBtipuRuDyN8MvZPO8fFp0+HXHICep8UeIsMythxOhczqE7+hYmwdmQHlbr+7Feqr8pWGSOavp1Ym+l5BvbflitmcaVVHk8am6mZhfnt3b/vtirW5HQxwd9W10NPHqtqZgtyff+OPVOCckxBdUp4M+8VZtlEmS1iU9Qs8rxhAioSCLi9za3K/PCrxMOHs+hhaseqvEG0WUbFgCb+n5evMY+cZ53wZw9lLvJmr1FWxBihhF2cgi4sAOnUnGN5nxlneZPoy6hoaGlvcRuDI563LbYsfw99Wy2VnGO/8AqG6O4aXhsiM9bR5PlSyS0k7yNpNmZxHp3vzBJI8x+YxnH7Sj/wCKS8dQkq1yCm08ytmDr7XPL0xPmsldm/dUNVVxd6Q0hhjFpJFG97bmwt0sD1vYYGS5KYqaO0EsUUkkSLIF3JdrKU6ludreR8sF6XQHTMXdskQzUeKebwgz9ZrnAlCYKCCrVtS1Z1obbabeG3oQCfngp2r/ABFFwk8kQAMjKpYki2/p/PPDdRZWkQpad4DGsJAZiNhYEX298De1uMLwPmU7QaoURdNwQQQwsd/Xb54HWwvcG9yJfqrf7RA7AzB86780uT1dGwjiamBaTUCYl3vtzIJB5+vlih+3aeRJzBSSCcspeeT7uq3QXux59ee+9hjzQZRxTntJ8NQZbmclLY6JIYS4IBsVBJH5eVvb0uRy5SYaPOsrzPLFlBWGU04cO19lsSqjZTfxE8jptsWrCsn1HmCajxJwgNPHztBiS5coZZ6JZdXNgWBv5ixsMXYxRNl8dNFl1FGrOTJUVBMkqqeQAWwFvf54ppl7GbxC48VjsVazFbqeRFwbEbeWLRpZQhB/CCW25Y6aKmHIiUam4HrJJcgyGOCOSRtTFfEEbSpIJNwLkjytc4+NUZXlkcnd0CGFrNJFcsreVwbj+TiGlp2dr1JIFrkX+6owPzZ1adKe+oE65D0uenyG31xMVVqvAnWvZup5mzdl3a1l1BFSZdVsaeiU933Li4iHRlPkDzB6G45WO51mcosUIo2ilkmTWjXuqIfxtbp5DbVY8rEjiBfHXRLALG4+7tyx0R2M5lludZVJk+ZO8lVSFvhwZmXVCwF1GlhfSwNr/dB25nEUDlTWh57ZldoqLC6wcDrjv9f9zUEziOpjC0mXT5oyWjkkAAjuTzNyFNrdASPLAfiTNc9iqYjV0ggpZJO7Z0e97i/l7/TB+KoWkhWOCIRxKNlVbAe1sCeI6x8xyatpIqWaokCAxBUYeO/hIa1tjzAPIEYHu8KRai1z847nAnNJ4qW1KrVWNpP54Pf2mHS0VLDUFo6aGNm5sEF/yxEXAp6kEggRvt7qcF81iWJ1APPyNj1wGql00tUwtsjE39jgVlm2UjEz6pfSVGx+1a/+440rJ6i1IlhdtK/oMZlWAaVP/usfXmcaLkys1FGx2+7158sQI4lFHeFuz+WKbMqnWfF8Ku9+Z33xsXY9Vpl2QVPxMUyM05cKUI1CyA2JsOt7Xxz7wDO0WaVDhiLwqLedicbd2bx1VfkU/wBs0vwkg0qd7JoQ2HsSdv4YpYkCLbaw7YJxGyBkFc/wzHQJGsNZ3TobkXvhhpJ0JAaWQbXAJGF2i7sTAiwuefngqVKurKT9cWVEDkQG7dnDQi8tR8QtjEE21MSddgbgcuXzx8Y5todoZHARyypHIrPKPLxiw+o98VUlBOoncHFmCRlJfUbAeeCesHPE+y5jm/fpCtJ3TMms64mcL6FlYLf0vitUZjmi03fP3Pd2Jv8ACuQLef2m2CME7vubnHjMXX9nVDMNSiNiR52F8cYHHWdU8gYnNPbFk+XZXW01fSTVBmzGSplmRyNCtqQgIALgXc7Ek7D5jezmZRxGHAv9k4AH+ZBg7/SEHdplLWsVFTYXtz7vC52RqW4oUXUO0L2v03j3/PC4njM0K/hE6HyaNmy/I9e51MzfRv44w3+kxxNVji6jymOZko6GLviq7XmYHxX9F0geW/njoGiRBHlkafdUEA+Ytzxx525ZsmccZ5nVwsJIpKqSKNwLBkUhVP0AwX4XVl92OgiLUH1ZlHL++rlFXO71M8rC17k3J2UDDb2ccMZxxjm70+UGnipYow0lc6644wQCAB+JienoTc3sQfDqT0uTS5nE08a0i62miYqY2JCp4r3F2IG2+58sdTdlnD8fDPB9HQaAtVIvfVjDctMwBbfrY7D0Aw11Vvljavz5x+spRSxyYt0PY9ktNCErc4zzMmDGRFkqzEkchHiKLFp03ueZJtYXsMT5L2a8N8O1KVVJlKr3bagzyO+g7m41EgeeNIYKLG98Us6nZ6NqeJDeTwlrchhQzv79YdURkAAQPLWR1DBKKO6j8Xn/AAwRy6iDrqmN/QYrUFGsKBQuknng5SpZAALYq2Y7y+2wAYWfoaengTTFCij0XCN215HR5x2fZyJ4l101JJVQODpKyxKXQ38rix9CfPD7L4cZd28cTU1DwvPw9HPB8dmsLRPG7j7OmbwyO3kGBKLe25Yi+gjE6kZnAXrA3cBSTOfoV+Ihoh3EWqJHXUk4YldZYao+aW1ezcxvfFuopYtDKRc21E3tY/x35e+PMLRUuqOMxzCFnjjmA098veMwYjr94AX/AAgA4811SVKW3BUsRb0xo668L894tL8xWz6q+EopQpAZyEWw6X/6YqQUvxJWCM2dk1SP/cH8cBs6rzNXorG7Ld7DqOl/php4X7qO8d+9mYapD01H+HLEq1DTmCeYHzijqYoCKON4qdTpMjfef1w//wBHievGc1fcLJUVEdKdESRFiV1rdtQ5WsBz3DnyOIM2giny6VGUEdDbltiz/R9m/ZfahRBwCZhLEpJsouhNz9PzwPfV/wCc4zLqLQh3EZx2PSbS1XxJNIP2rTNHHIp7guI7oNPispuy8wDsDv8APHqk4pzpZlyWkpUr6jS2hidJuN9JJ2G3U2G4F73t946z2aDNjSQokioqxhipuJX3C36ggodv3YryUpqsz1ZTBFSyKhPeKgSxN7ayo3JN/O5LHzxnNRpv7prrH0H8zTVWh6RbeoGRn6D2+sTc0GuRQwDAb2HPC/Vxn4WtJsPs3v6eE4PRziso4albWkQOPmMBMw1PHXKzC6wvy5nwnDRlHWEK3EzGrJ0g7/2h/U40rJCHpIv9PPobDGZ1Vyo8+8a/1ONNySO9DE3kq39NhijEqpPWUOAF1ZrOp2NlN/re2Og+wuNpcpr3jvcTixPX7OPHN3Ajs2aS7nddNvrvjoPsbr2oaOojj2vU2IPX7NMUkQHUIWBxHDOaRqCrSTTpSZjYAWAbqP3jEy1N49R5+QwazVI82ySe1g8VpFb/ABLv+Y2+eFQVEbsulhyHTHlXaeOkEezzVBI5HWFVlXu2IN/LH5JyIvvdd8VISXuBj7UHu1XBAlBEK01Z5mwAxOk8c8ckTWswKn54WZqzT902ucQpnAjkuSQCeeO7x0nvKOMiZV2/1FPVUeUVcZBWSKoeMdPEIiDhK7MKk0/GFIzG2tDqYnlcIb4L9tM6LlmVxU+1PSmqpk1eSaE/+mFTs/lWXiSkW4bnv7Kv5YXWcAx9UNygCdRZ5mIy7IaevEhiWGkllDcyLJcY48z5GENG7AMTJc3633/cMdWdoKu/AtMVsgkpWRv8pUAj545DzKWrra6ny6nQu7SaI09b2GGngtqrW7NEWpQlhjvkRnoXjj4dlhmDMk0RsgfSofUpVz0NlDLY/wB+/MDHVHZznyZ/wnRZgWX4jQI6pBb7OZQNakXNvMehB645uoOHsyoKRYq+IiUxl4nVGKnSCWTlfVa5Fr7i1t7gzwXxbX8J55NXR00c+X1LBKiJZUUv1GhdWoEX8JKhTdlvcXBdyrqV31np8/f+JEhqHK2DE6aknAHngbV1xlqTHqCqgFwPM/yMCqDPqTN8uizDKqhJ6eRQyvy+RB3BHUHcHY4Fy5kxr5i0gY67E36jbCZjhuYyqpB5jhA6kgg4IxzBVvcADGVcQ8fUWSL3UQNdXX09xE4Gg+H77b6dmBAsSeg5kZdxzxLxBncVXl3EFZX0s+tQ1BDAIaeEABlJDMWdrG9mBBJDCwAXF9OmssIxwD8+doHqrkqOM5M1fjPtiyemq48o4aenzTMJ3KLK0oSBNidQYnx/Kw53YWscdqcxzWpzqvzCrrYK6rleWJ5wgeN1FgroCBtsSAQAABsbmwyvrquriqTSQx5dQzOriihEoicLsDsCXAvzbYkWG62WtRZisjOqtqVCbfe0nfoSAefmAeRtYgllpaaclT19vn+BF9llhAbHE+VjGOLQPbAuqrF7lQHsymzYu5rUq52AAthM4iqSsrNGdmFmwwfgShPeAM6BXNmsdxYfQnDHw5VfBEs5LFrEnrhUqZe+dJGJ7wDSfW2LuWTS6tJJt1HLA4bB4lvGZrol+IpGYkHe5NhhQr8ylyPiGjzGC2ujqop1BGxKsGF/MbDBnI8wBypizePa/wBP+uFXidfiO8fzFxviVxBwRIjgzsLJny7iCjp82ou6ZaiMSJKApcKQDb32AO+PubZJLBlBjoKeV5ZZB37J9+QC9gdx1t5i1wbA4xH+jFnVXmNLU8ONVlWg+2pxIbgAnxqB538Vv8xx0BSPXwxtG9RsoAud1Nv0wqt1a1uUcc/xC62sXGDkDnBmEcJVHeZJ3LW1U8jJ8juP1t8seKwEQ18uxVoXtt/hODGV8Jy5TT1GnMVmeVwSDFpAsLc7n9MUs2y6tjy2obQkpeJgBE5Jvpt1Avc++Cl0d4rGVjlfEdMTgNMiqXuTY7d636nGrZUDHlkDW5ov6DGUZhFLBIY5Y3R+8Y6XUgkaiPpjVKVmGXUa25xgXwCQRkGX1MDyIt8DOtPmjvLyIvf31WxunZEjT008hUhVqrmy3O6KMYBwtIy10/h1EaDv742Xsfzqqop6nuZ2XVLYqLb3VcVHiU2njib9RTU1PShQGUk77YzKWQUmZ1CM/dxxzuimVgCVBNj8wL4d8vnpswoyKipZJrkkhuXphbbKEbNqljJdZJgFLEgkBVJA6G+kdOh8zeNpwAYHWmGZTPOW5hM1TLT1RTWliNCWAB6Hc7jzwRqZ0kgKKQSv1wuvGqZ3VmNwZHZY49J3JC35dSDq+npiOkZoM1qIoUjjpgiAIv4X3uPTw6PrjiXdAZ6yjqw7S7XzIU21XtgRNKTfxb+WCdY4a+oA4DuQxewvbriwjmTqbK4me9r0Mk2Qo7rHaGuJNtrKyE7+5OEns1jDcXUY5KFYkf6VxpvaDRSVfDOZoFgVRCtSpN9V493P+0Io9zjN+zEPJxVSOBYKmk/7F/hgHUkjcY80SKygToTtwqDQ9nFNPG1raEsBzDMg/fjk/gTM6mk4yhq4HpY5oDrV5wCACbEDbmSQMdP9v87Ds0pnG6RLFJLve32sKi/zbHI9Y5o8ySWL8RI2HTny97YM8KU2aZsTO+ctV6F+gJnReZcZNnlTQyQ/FUUUUml45xpjcBgS1vW1r+vrjPmri9quJUpndW+z0K3dh1KsulgRbSxG4/QHCRQ1r01PPEzSu9TpYlvuopFuXUkfrix8c4jN2N8OdIu3cXHXiVeL6tL3UVjGJp/ZDms6cVSZJTTO1JmELzJq06lkj2LHSbXIBB8yAdtxgtxhxTTQZlPkGVVqGpMoiqqpXIFMTsQGXcMLm7D7tj1GyVw3wrUy5DPxNBm8NHMlFJUxus7QMml9GkuARqcBwqmwJsCRcYVaaWelp2pRUsYDN32g2trsBe/M8uvrgYUpqLS2c44P39/r/Mr/AKuymoIRjPP5RvzSooqN58qou4qYIahgKkQlGkttcA7hduXLr64HVRiVoUXQqvIkYAFgLkCxsDpHS9jbnY2tgMKsC1za3riKvrYpaKaDvYUd42UPLsgNtgTcWvyvhjY+yo++Ivrw9q7+mf2ms8P1HDuYVk+TVFLXUcdPAXSolkN52BUXGpbEDVtueQxnGdz0tHmdZ+zJxUZfPOIwSNJV1DXNj8hf16csLlXVZ3BRUVGiVKxU7ARCFrKw9b7kD92B09bUvUIss7SafEwJ+63kbi9+V/l1BwrprXeCvvNN4jbUdOU/T59PmIyyzFkJIF/XphWzkgTMt76sWxXMRpJsMB81qlabUpucNbHBEzKDBg6eEDSrHTIPS4O+LoiqqGWAVlO8JmiWWIkbOjC6sD1B/I3HMEYYezrhGbiauaprWeHLaca6ibYeEfhXpfnvibtTWGWqoEp49DUtKqSC/wB0EkoPcKU28yb4Vvq1W8VD8/4hy6VmqNkn4fJdGS+xtyx4zuncPIlgAqi/t1wvZVmdVREd21jb8W4wy0WcrV/ZTaUlcbHphgMEQTHOZ77KM4fhfiiHMZLpF3g1kqdl5NtzOxOOoOOM5joOEsxnDmObuSi6TrBZ/Au17kXYE26Anpjj7iCjr6du9Vu8S+xB5YepONhmXZ1kuVNJ9vSMVqlK7qY1Cx8x1Uk3B8wcLtRohbcrGXpb6SJomZZnmdMQJnhkuNQXvA1xtv58r2PLfrgdJxVDUkxTUzwlIyxCuHtby5Hl12xo2XSZfUy1P7M4Qo5QAEqYJTLmAUm4AAO0f+23tg5W0WY0uV0eW0eS06zSHvJGhhRIIBfaOwO59ttjvyvXT4nqEyA2fyzNNrNJorGGatpP1A/UDInP2cGDMKaKUotRTyWkjYbqRbYjy54iiraqERRCQvHHyR99vK/MHl528sbPnvDmfVoVnyDK6iRdlkNLESnMXUk3BHnhDq+Bc6y+GKCSjaQLex74Syknq2r+OD08Spv/APskVnwy6rBosH6xN4X00+aTrUBUEkYCG4AJBA+vpzw3cD5mafNKjwXXvf7vIaVwpcQ0Fbl01q6imgVmKo7RlQ5G5032a3O4vitwxxMmU5nH8aJJqM/iVgHXlvfqNuRset8UW6RG9dJyPbvKrLrkAruGD79p0xk1dRTSK0vfEFbuo6+3zww0B7wUunSYkp2qPECHj1m8YIO/3S4N/wC7jMMgzOjzLLJKihkHcspRyCbobciOhsQfmOd8XIeKq5qtmV4g1RGYJSpJOpCbKptyH2m/t54U6w4UcRkmle3GDmNnDNPTVObV1YgR6eKRpUJ5q7E7g322Ljl19MA6WqM9RWVo1mJnLINJvp3I2O4Nrbed8D8rzWtpMkzakjppdOtxaTcyARL930O5sOpPW+CnCYpZIUqZp4ZacR9+rIyurg/cIN9weYI/u8/MSt566lkyD3g+rqamLPI4W2V4GaVS3JiRpA8wAGF/TfnidSBIx3AYeeBc9V8bn81XyTcqNtl2A3HMHmD5HF1SGFwbAYJRjjJnHrAYAT7mcUElLpnR2iIPeIObgC5X2OnDjknBPB9DHDUUfDlDrCA2ZNZG3+K+FKoaT9mhoFu3exixG1i6hvyJxlGY8Sca8I8W1tLS59UfDPJrpo5W72IxMSyhAwIXqNrbg4jaGA3CSNZu9CtjH7zTf6TucxZT2YrktHQQUK5hXRIY41VAUQ94SFX/ABIn1xyZxI5SQMrbiQD6sBjRe0ri3PeKpsvo87niZaQNKvdqALttv1uAPzGMzzGGSUuSblZFJty2YYdeHqV0+4jkzP6sbbSvtGKnpWacAoSe4p2H+qCNv34uGluu8YI5b9cWcwZYa+JI9NxQUWq3n8LF+62PyNIw1EWHn0wx03rrB7we5wCZ9mXMKXIKKKQzimqKqZ6ZC5KfZoiuVHIEmYXI52F72GKAEjyeMH0wwV9c1RkeVZZIrD4I1EsLqL94szqG39Ggt9cDXEe5UPceePadPSSfc/5MqsPI+wlaWnYof1x+yjLKSWonq8xbVRUUJmlQoSJX5RxdRd289rBjyBx+qJiObDYb74r5xJNT0dPl4vGT/WalLm4Zh4FI6WWxI829N4ahMjYD1+GW0jq56D/PaC5KmrVZFNTIBISSqMQvsN9h6Yp6VUWU7DltbHuokCKWkbl54HPWXJCrtiOAvAnixbqZNNMFvvfzOLPCWR1HFHEMVHChSLUO8e17C/P3wLUGaUKb262xrfYxXUGQyy5rLSmRYVb4dF5ySBb3t6D6c8BazUCisnvC9HpzdZ04EY874czajziDhHIsxigpZIlMtOi6TCo21SMPvFjfYc/a2M1zHLFm4qrMlp5mq/60aYTEWMjA21fXHQHZGvfcH55xzmjE1dQ71DSEfdRL2A8hsfyxlHZNl37T7R4ZZfGIxJWzkjra9/8AcyjGUW0jc5PM069TkcDr+kzjOqCfJ8yqKCaMpLC7Id8R5fKKY/FSIXflGvr542jti4FkzDKTxbliXm1stWgH3kvZX9fU+RHQYwosUk0ThwVOw5WPljUeH6wamoOOvf7zMamjynIHSTZpmldPGQSzFzpHPST5AdcRSySU9KINY1Hd7dT1xXnaRq6KVhpEcd1A5C56YqVsj3vqNzvhiT3g+0LO7shzvMpIKjNq+snnhoItCIDoWSRjZQVXSp2I2O4uvphVrqmeqRoswmaqSR9b97YgsepW1h7AAegwfzTP85oMpyoPVuKqohM00gWM7NbSLWsBa/Te2Fmr4lSkJkqMvyipqmF2qJssEkmn/wDVpI/7+WMlYDYwRc59uT/2bugeWDaVGPuB049gOTKddGKekc00QBBFtCcvPYc9t8CijRVDzRqiPosZUQoxPXfyIOGlc6yJ4lSfIXCKC7SQVrXdv8rcl/1YqNSZBnFVBSZXmlfTVc1wkNXSmUSuReweL7iqAbllO298TpYCtkABJ785H2lljkWLY+5VHbgg/fGTFapzHOA8dLRS1E3e2jFPp70Si+6aGve+97WNuuFvtUy3LsvpKSOSjhh4jK66yGi8MIB38QN/Fytbnc3NtONVzWgqOCsjlrsspXzTN5A0UlcgDx0Q/FZOd7A+Ii3nt4TiWbCSpmeafVK7F2dmPiMh31E9d739cHaZmQjnmL9X5epViq+n9z/qT9n2c1uWzXjZ3iLWaO9g6nkPcG9vL2vjZVqIxSLMTswSZSDzVvy8zb3xi3D0XwpSqqEQQVDsidbEWufbe3yONX4cagzailoo5Qs0SmSJQbqw/ED/AKiDf/Fy54J1iC5N0B8PbyLfKY8CGxXmPMZJVbwdwmgdL3e/7vywL4VhFDRVbM8JmeTd4/xqALah5g6vrzxQr/j6JSZInESGyva6/wA8/pgWucz00raEUI5IZeWEgpcArNH5KlMqcy3QVddlKpLNO6J3CgpOo0tfk1/vH0s1sB6ztQzOiqXilyemlQOQsiOyBwOu98OGV57lObUSUWaUFNMqC0TON1BtexG45C9vLH2bhbK5YZkyyokp3RBLCpluthtp39d9rcx5HUVWE6OcH9on1Fbhun/YujtcVstmpzkckcskbLG6Tg6SRYNYjobfTCFn/EudZ/URzZrLERESsMEICrGGNyBcEkbdSbdLDDxlGa8MRZ+mR8ZZPTBWdU+NhjVZEP8AeZh95SNO/MWOxJsBHaymT8JcQnLKKcVlM8YkilAUmx/CdOxI8x9Bgmmnfd5Npx7Hsfsf9wK7VLQN1a5Pf6RIrZvhpppZFR9WxYG9trb7c7AYBju5KyNVYqhYsb+gxczTOEnVo4i5VttJG2IsqpEl0yOTpFywF7qi7n5nf8sO9grAQHIERuxtf6mM08BlrBUXEi9zAmpDcExwRxn80OCeX0f7QzCly9NbPUTJCthzLMAP1wNy8akAV9CsSzAL1Juf1w08NZhS5JDWZsWBqhC1NSNexSSRSpceZCajb99sWKxqpwnXHH3lPl+ZZ9Ov5SvxvU0FRnksOWrbL6JBR0jWBMkcY0iQkbEuQXvYff3F8LcgC3IAty3xaqKymts5b164pSs0hCwq7s1lVUBLMTyAA5k8rYmiipAo7Ssgscyzk1LTu1TmOYMPg6FA8kYO8rkkRxefjIIJHJQ52tcL+YOZpnnmkuzkszEAXPy2GCvFFfXUFHDwxKDClHI0tRGG+9UMAGZt+ihFHsT1wpVFXHuGlN/IYEpYuTae/T7f96/p7S512+j26/f/AJK+YNCXPeMSBsLHFKKOWoqFgpImZ3OxAufliaf7drqCffYYLZZD8K60FGGatqpFheQHcajbQv13PXpivUXrUuTLtNpja2O0t1ORLleQmpqz9pJpEaD8V9738rX9/bnoPZXDDDPWZRWFBXVNJ3dCj7AmRDy63O30wo8dSJLnUGXo4SlhfRsdiqEID9FJ+eHThJ6Gt4qTi3N8ySjpaOTvqSFoWOrTa24HLnz9MZnU3vcAznr+3sJpKqlqUqgluPiqXLOyCs4TaOWCvWU00kZFjYyeL6XIPti12ExClyniXPGS8gVKaL1JJJA9/D+WM74xzlszzitzYL3cVfWS1EQtY93qa31v+WNU7JqeFeAMqopWjQZlmRmmEjaV0oCRv6hQNuuF1ybKz9TCXK7fucmautGFyxaCaITRd2I2AGz7WN/zxy121cKHhnidu7iZaSrXvYGYWII2ZfcbfXHYNDwrltVRx/BZxmNM2m4FPWEpfp4WuLe1sIHbD2PcUcScKzR0WeRZxU0paop4ZqdYZHa33EYHSLjbxWF7bjni7wg6jT3DdjaesS6h1dSCZxvnFWRV6BsLC+B80uphfHrN3kirJIKqGSCphYpJHIpVlYGxBB3B9Diut3s3yxtS2YoM7n45yesq8/jly6WglhWnWKlpUlCyiNLkjSeYBbmDfxAW2uU7MoZ6Cdqerglp3lUl0ZdJcWtcH8tQPTFnJBT5tHNwzXSSSROpkpZNIJp2A5A+WxYX/wAQvbSB6p82p+E8vmouKs+Od1DAhMqiUSqjEGzNI4uvP0O5sGthHqdK+muIDEH3Bmw0PiAv06qyhh7EfBIsooKzN2Y0kQjp4j9vUyWEcQFibnzAN7e17c8eM34ny7IqCWh4XmDzuWFTmJHifpaM9Bt025EXJviDMs/yXjGjiywZzNw6yALFRyqPhJTe/wB5ACDt+LbcW3vhLzrKcz4cn/8AyNKkkJF4qmJ+8gcHkysNt+l7HlsMDJVtGRDHvFrYt4+nzrJKStq8pYV0FTU0sl9QZWIDcj7MCQLg3HK+LFJm9HxVmEVHm2XhKyQMI6ylUKx6+NeRFgd+YttzOFTMczrMzlhpYw8hFkiiQbny2xczGZcjoJcnppI6jN6oaaySIXEKdYQepP4v5ODFrGfTA7bc8tiXOL6N4GpqumVHylI0jpKmJgyEX5m2wdiT5b2G9sHOyGSRuL1j77SrQyDTYWY6b2/fhb4cqJqXhbPS7N3MyLSrGxsGlk8JI6alXcjna2NH/o9ZLU1GY5lm80X9Tig+GUsv35XYHwn/AAqu/wDnX1wYG20sDFN+BcrCNPExlj4WzEIYyBAxNpBe3tfHPucZ5W0Lh1BniH4SbXHof346e40oKWPhDNX+GRC1K2lht7Y5+fKKSsndHWRUB5IwGq/U3H6WwHp7kUEWDgxmvmuuaTgyhl/FOUyQ6viGilYXKupW3v0/PB7K+NcrjjDS5rSXAKreZb7/AD9MQTdn1FJCx+IIO4B7ggD5g7n6YWs14Ljpq10jp4ZlUi7JqLLcX+6302N/THR5DcBp6y3WBfXXn7QHxbmy12eSVNMWaO6qpvztsMVuN81kzKopDbxxxkHpz08vpgpXcO19FFJNT5XWzMDYWiJt8gDhRzJKmOskp6ukmp6gWEizIUZQRcbHcXBBHocFph2BB6RHfa6hww5brP1Cs1TMkEJLO7Bb+/l5nDczpl6nKYwHlQgVcv8AiBP2S+gPM9T6KCQWTQGaRdCFVQana/3QMWZHPfSS6dOpyVXlcnl+eCT1GeggaqdvHU8Q9lveVdQKekSWaTqqC4UeZ6DBrM6S0VPSoKlAseufvAATKSb7AkWAAAJ3O+DPZjxBQZHE0VeYjFWHTErQ30hehsN+fzxFxjmtBPorkio4KoyaXCcitmNlH4TuhPTFK6h2uXPSNL/C1o0xcNz3/wBRckoUhNzdvLa+LHDTmj4moKzTI3cSGZEBA1MilgLWt+HFZs6ppEPhc26kYsR1dBBwrUZgkrNms0rQQRhtIhSwLSWtuen8m7OxwUK44MWaYesE9ByYjZ7VVVdWz1tZOWmqJGmkkP42Y3Jt88A2kiV+ZPuMFanuy5DDbyGBtUIhJp7sgemBieMCUYzzDvDtKZ6iOpljPcwo0gU7XsD4rfpf36A4J9nqLPxdBU1PiSlWSrc+qKSD/u0nFOgmEWTSOLFngWJbbA77/pg1wLAEos3rrqCUipwT5Mxd/wD4oR88Z7V2M4Yn7TR6epUVVWVBSyZrxJVTBlEdHFqYsLgabAn6k4MU+W1ucLG9ZWMlEbMIlFi46XtYD88DeH6auOW1lZHfu6rvI3ReZFtz8iwx8qeKhDQR0NNE61OgI7m1kAFtsBWBicL2jGraFy3eVOM5G/a6UgEemnjWNVQWAAF7bf5jjZKSE5VluTU8ZMZocvBJ0kgNIQST5Hwcz5nGMZFTPm3EtL33j76pXWSOaA3P/wARjbKmrlq62qmhbwmQRoOXhQBf11H54F1aZCoPnzmSqGbMmVMx4oroyBDIxvv3lNOVv78r/O+DeU9rHEmVQg/tZ2uNo6yESLy/vbEfXC5JktPUylZlAN9yu2r1vzxSzLh4XEUFbJvtaQagB5g88ULUUwFYiEClLMl1BgvthhyrtLmkzqLLaKh4jjjGuqo5AI6sjl3qdWttqG4sL3AFsXqKGooCYKqneGZSAUcWO4uP++Nmm4ZljUyL3cij+6bH53wEzGkqFlDSRGTSLASJqt9eWHGi19lfpY7h+8Wa7wdMblG0/tH7j3Ps3yzKoazg1qKPhitVXWto1PxIksAwnckkOCNIItsAL7ADN6apkqZdJm0vISWkkOrxcz13v74MZTWZBwxBUrBXVudNVRGOSAKaemdW6te5uANiLkHyvtTmyfLswk18PZnGXc2WhrSEl9la+lvb33OGNgXfk8ic0wsWvb0P0lCWqkjleISI+g21rsDt03PXb5YK8JZ/xLDVGgyUGqhkv3lLKneQFTzLA7KDyJ25+2BpymppNUmb6aeGMm6KNUjkdABsBz3P/ajU8QVEtEaHLkFHRfiWI+OTa13Yczty5dMRAGcgSTO2NpOTNDra3hukqaqDh56LLs8lQRl9bSQRsdmSNzYBjy5c9sZ7PBmlDmy07QyiskayAgHvCeoY7Eb8/r1xSqo4Wkjio2klJHiJFr4YMnzWqy6mip1R8xk1XW7bR320obHoPbr1xZgoeJVuVxzDdRTjRQ8NwzL/AFUmpr5U5PORsL9Suwv6W2scavwRXcRRZZBl1DVzmmRNKRGNEXzPJbi5ubne5vvzwl9nHCVbUMklQpXWRJLdi0jAnoOZHS5ABNztc46E4WyylpYhT0NKAyqNbzfe35HSNzuOtvS+OjBGJVdhPURz/gQPQ5FJmkLwZ7WVswfYwJWzwqR7K4De4xaj7PeDqc94aEQsdiXqpGJJ/wAzHfDn+z+9GmbUyf3UGgfUb/ni9FQ9whNOsak72ZbjzO/P9cVmuB+eM5B+fPpFSg4dooo0NJQtNF5VCMrc+mvfz5jfzx8fIcsecisy6hpW6Xp1Yk32tIRpP+W18M8tbFE7RSqFmRQzIg1kA9duQ9Tb5Y+xzzVMSyQoixvydyDceYAvcH3GIhVkzbZ1PT7/AAH9IuwcP5PApWKkUd4bDuyR5DbT8t+g62wo592b9mWY5nNV5vDRy1TACSSSueRybDZvEdwBbD3n1BI1GytXd0sto7khEVr+EAAfiay73N9NvI5tn/D/ABYlXpyaGCrhaRmdrhmsPTnv5c9sT9CKWx+kqDPbYE3fmTx+/wDqQ/8AAXZlM3w8VDl1JTnSsxinnIIB228IvfkxJ9sXT2S9mVRA1PBS0xZ7hXSrYuwtzHi/IXOLvD+R8SwUQ70So0n4JKVrX821KQB67Wx+pqLMFdqTN0y5WckK8Eh1WBt4VUEnz3HzGKUvVzgBhL307ovLqce3/R/MQcw4D4UynNn0UudnKIZ1p6qtFWoWCRz4bR6LupupuDcahtvhlzHsS4Zq5AkGZ5nDIBb7J0cL5k6lIBPPzPrg5ljU/FNdTU2TVXxGW09Qr5hIUuC8disW91O9iSCSdugw7VkdLTKxijkWWNNeinOk25AkXCkbG2q42NsFWKQRtGD9zBxcWUi1yR+0xLMP6PqQxlsvzmaoe9z8Ro3HlZVX9cIfE3ZXxNldAyz0yzIC7AwQarchbVr32HkMdL5TXZtVRrWyxq1E63iVUvJKLXBBGxuLb7A9MWpGmkkYOj0q3spKamO3Mn7q9fPp7Yha99RwH/mWVIrDlRj9Pn6Thap4Rr1eRZXhidCPDIWXc9LkAX9icDMz4SzmAF0phL5iKRT+8Y7pzjL+Hqailrc4johAv9pU1bKAtyB95tlBNthYXOwxmuf0nZXUzmmp62nhqWfwrGCFLeYYjT874rGqvHXmSOn0zHAyPznMVBRV8dHDSyUVVqA5dyxsfU2thrpe6oezqUqyGeWaZ5FJ8UdwkYBHTZiRfGrpwBT1VIKjLM1bunBMRVlqFNzsxbmfkbe+AOa9nnEIa0MVNXxXGpdRQgW3NiCCfTbAlzb8ZHfMOrTYeDE+Kq/ZHB2WCIK9RJG8x6qt2Nm9fCF29MD6fh/uspqOIcwCyyyxtKqumyk/dN+pJt064Zqjh14JlTMsokhkCEASRAlFvawIvb5HEOaGjXLBlc2Y1DU6JYRRnvb6G/E5Ba6kctXTAeD27mFeaij1Rf4FEcGatVMGApoWddO+9uXz5fPGjpTTUeWRK1xMw8XocUeD+A45YKHNRmE3w8s6Iv2Bu7cxc3sALDw2JPp1+cQV9RElR380lKkbaU0oPzuD1vgd2FrkKekN0lZcFhL9PK6LdwdQ5W64mLGR1jYlgAWZj5/zbAqSZPgKKSmmmJqZCpLqGZgN9rDbAjMs8lySuhhlphJTTFv6yshHK1xpK8xfkSPP2mmHO0dZBtSlLZc4EZayWKOPu12uOZ3wBqie8sAx9b9MQNxHQ1kYQyiG58XejSR7nl+eLEjWawYHSLDfFyUbRz1nbtauo/AeIA/YlJ8OjVOZCWMDUEpYdTNvuNR8IPviGWt/Z4EGUZT8G42NZUfaTHzPKy39B1Nrc8OiZZlcDf1yZDIV2ZWIkK9baQXHyxNUy8PCLT8HU1I5DQDGD/ubVhp54PXmC2U+UCBxmZXNDXTVLBJ56h3F2YMTb+GJaGhqq6ZESKasFtlSDWp6Xvbz63tjSaOKElGy/hQyiMlkklcuyHrZtLEfXEz59mdJPpGXU0TgW7uSN2t9GX9MdOoXOQIL5WRgnmBsm4EzCoCtKkVGGsGQqHci58jb258/ljRODezvLqKQNUwO4O5llNwfe2wP5eXkF6n4vzyBgwpsvT07hv3vgrD2lcXRIO7/AGcqDp8Lf/7Yh/UoepnmpsX8Im35JlFPRxLDBCsaL0VQBfDFFFAgQSsgPNLtZvl1xzhR9q3FdGuiMZSYuQQ0jgL7Wk2Hpi5TdtXFdNIDFlORyBiNQMcys/uxkY/W+LDq6hxAjobiSc5nRaNVaSUiLxgizSbOR526/Ox9D1pZzQ12YUqLQ5waedHBcd34LEcioIYb7i5vzxk1F2ycZOokqOz9DHa/2dTIrH2DRjF2m7b8olkCZtw1m1BKm2tGRinmOYPQbW3xwamo95D+muHO39MRwFHxflcWilq6aqVdYjWYARm/Jn0RhrjnYEXvuTjzNnGbJWPG2Qkg7tV0lQllPmyNZ2PpobpzxHw/2m8LZzUClos1gMzW0LWE0rsT0AcDUfVQefzwQ4jSWaElJTNN3baGQmNL2I2Km/PzJtiYYMOJDy3U+rg/PnMWs/7TMpp2+Hp5lqoZfs27uyzxm5BBQsNxtv5k7C2D3B/ENNmcschjAZrRuWt4z0Ybcz1HQg8xZiLzaHhSqXLIitPTR08QjFIiBe6I2sVGyjYDbawFjaxxBV5dl8VBJHRyRsGLXkpZUlOhiPs2W4sB0ttYG4uSSV5DA/T3lLspqDYw3t8xGTjrMoqeiSCmjYyM9z3YtYDzOMq7SM7Wn4bNPEkFQ9chikVmIQxEeJNYIvq+6bHZSb8xc5WZQKijjpmqFnpqfxU8EFM11I62sACPTEdTSJJRpTIhljkjN5JW1d4bixXewA3va5Oocgov4UPncOcS6hlcBAPuciHuCc+4er8ohhyGoSgNONAo0TwrYnbQRuL7llsT574q8PNW57nec9+8py5KorMI0vrZRptY8xZRsAegscDcj4ZFDVRZii08Hdya5W0ly69RzHS+9jhx4eqqDLqSvMKCNJawyRxWCWBjj+g2P0OOUhlLAfiPwwh02rkDIhymFOGKQ21kbgnx2HnffrhM4s4zno55MvybL1qq0j7J5pAsRJuL7HUbHnfTccidsfcz4izFqgvHFqSI6j3cLFU/ui4Uve/4gBboNiRhme9o/wARnVU8FI8bRSlQkhudttyfUYhdQaeGIz7RfqS9agjvGPijLM2nkp5OIMwWrzSpcjVIw7mJT0Rfwjfna589sL1Xk+R1XEEOQS05R4ms1RHYd4edxj03HWUZ2kD5rS/DTNFZHSXYEE3B8t77HkLc7g4WqvieqMrGOSKNYPAs1hf2BwIcjiBAseSYZrKWo4fzKSv4ezqwjkvLC7Hci1w1uY2Avj9n/aZxRX5eJ6ajioqFbrLMkhLSncEg2uF9efrhazTP5avLZ4nQJU1MqxwyxoAG1c2NrX2H1tiTjHMnjyukyArDEr6V1Ri2qJd789jtuDz5b3xDqeYQtrqMAwZ+0Js4qR8fVVlX3gOilQFyw23Ycz7evXB6tp5PgKiJctlh7xLDW95AL+QHUDqb78hiTs+hoYaieqQRKI1AUyWLE+WGjiLMaGmy6KWom0yu2lVjtd2t0HU7fIX6Y8T2kCSZZ7Jc84aqOH04bzo1EUkaqIZzLbSwFr+QDWvfkCCDg/xZOQrUi5nl1XE8JYyS00UjsBsF1EX+eMqjytMweWprIiDYOI4rEg8wWb+9sOnPyxVmpYUHw7VmboGB3NSTb99sLLPD8sWRsZjejxLbjcPn8RqznOeHspjDyStUVDQWQIRq1HmoFtha3Qe5wpyZpw/mcZos9pamGM2MLvZdDdbEE/MkAeuF/LKaKPOZ0aQNILsryNud/wDtvibNqdw+mRxJGQDpO98W16BEH4jn3kLvEnsb8Ix7GeP2FVdxLNk9TFmcK7JC7BZTbbbo35fuISgrM8o6ox09TT08iOddLOrL8ip/d9d8WmhWiczUlY1JIRut7q3yPP8AP5YvU3EGV5hGtLxZSidVvomj2kXyIbmv5g+nS4m2vqNw/f8A7KU8tzlDsb9v1m3ZdwlU19G1Wkb0dBpDFmIBZT1HQYLZTknCtAYjKmslSWlcNKAb2At92/ywLq+Kaasyyny5q1aaAyeKIC5jUnqeWw/XFDiPKamjqEaKSabL6xS6sWOlDvtz69D1+uFb3XPntNlpfDxqMG58Z6TQ8w4g4ZpKIpDV0RR4yJFjIugHLZevM/LGccYZvLmGa02YUkERyRUKhZdKkspAYkg3tuPzw29knD1JPmFbO1H3U1NHGoJOoAm5ZvewH1xoHEsvDUWWVD06ZeJJY9E3dwq0rAgkK21+n4sSopJ9eYNqf6fRXeSqlm9+3M50LxSoJEYOLXuvK+KzM17KnXb1xRqCcqziooAhKq142PVTuL9L2xLJM8qW525WGCOkssXk7TxPXds0ukBBe2pieQ88M3DtF+y86o5swjVQzuF1ja6qbH6lfqMJtXVSQQhY4u/mkNkivbV/0xq3Z12e1tdlUdbUB3aptpQtYRKfxW8uoHlfqcUurtwO8nUKQC1zYHz58E0rI+JMtrKdvjmoNccWoKVshXqQxwFnoeB+JIHv8L3zEszrILkgDlve3yGKfEvDh4YyoGY09QjjSWWMkE2t4rD9cJvAfDEmccQSLLIaZY4S4KMAB08j59cDCl0bbnmSTw7TNU2prsIX37QlnfZbH3fxeUV1o2W6/iVtvP8A6YW6bN+K+DaoQNJIY1bwlJGW/luLX/ysCvph/wCPKit4TyhoY1qK2F0HdMnhZOQvt6+Q+WE6HjTL6rL4UzCKoNdI/d1JmjBBXcAqT74sqturPqECalmr39VPeFuH+NMorEFHXUwZpDocTs3eMDzKyrc6vIWXc81w7x5DS1lMmbcOVs9IyqWSOobvEJF7qbajzuCbty222KVwhQ5HNmBq46VZCRpjltfT57cr2vjTIZJJptKSKBEReMyBQFtsOpvsDfpc+w0mi1V+N4c8wO7SKesqZZU1lYY2KyQTaLtHGq7dDfV+tx7bWwv8RRyZNmFwzyQVA7zu5SC2vr93keZuLg4I51VLBWLPGCszgCRdewS/3bi2/P5YGTV0NfNNUyTNCIyqRwyeLVzve++3y9MGJayPvXvCqtKpUDHAHYSZczkky+FaZJJYtJOoG5XlsfTcb+o+VejqK6Wq7mFlBIs8jb6Aeg9f44K5cyT2qO7WNT4brsL9ef774npKOmqKx41eBljJ1sh8+dwOuDS4T+4o9Tft7/rOKVA8thwIZy2ky+iyhP2hNYFm1l2Fnvvyv53Fv++Mi437NKHO+IKyfJoY6L7LvWmsVRn8xzJNtj02ttjT8uo4KjMiGOuVBZY9OwFhdmNgLbHl1INjgnmUdRHRtBrSJNWt5DINL7C17eLaw59B9Abq93WC2pUcqTnP5Y+05dzbsvzWjoZJLrLVr4pBdQl+oBPX54R+OcvOQlMvp5JpGeMNLrUaCepTzXnv6Y6gr87gDFpJUcd5aNtJs5Nh15779OduYOMj45yWj4hq3EpMdZ3pd6hW1PaxAjsdgNxf2wM1LLlj0EH1XhiJSSg9UyPLqt6ipy+CSZkAlA8Jtp9Rg3xXBJRV9EZ6iaRWLKDK2qxINsCM4yiXKa6HVIrBmbQwFtJG+DvF1X+28kpTGS1YLMqqORHMn0xRkZiIqRwYLo8zejmL6iqHdrGwAHP9MMXDySZlKc2zBWKAWp49R2Xzt6/zyGEBqozMiSwhQDdhfnY8vTfDXl+dMlKkbK3hHX92OlZzM1fJsyy2CgMSOkVz4gy3+WFbiGujkrSIiIwLna1/TfphQrM7kjUFWYEE7e+A5zRpUkY+Ecyb74gVMkOJ5z6aSlzszxSsXIDjqB+G35fniNsxzGvAPe6VXa4UD8+eP0OrUZ5Bd25X6DEcaNDOVUERSm6/4T5YmJwyRKZGJM00rvbnfnitUQ/C1KysveQk2cHfY4nSUoXDfeB6jHxmVl+18QPP2x7M8J//2Q==','publicada'),(33,'prueba monetaria 2',NULL,NULL,NULL,2,'monetario','2021-06-17 07:16:34.365028','2021-06-17 07:16:34.365028','','creada'),(34,'Test',NULL,NULL,NULL,6,'materiales','2021-06-19 05:57:12.958194','2021-06-19 05:57:12.958194','','creada'),(35,'Test 2',NULL,NULL,NULL,6,'materiales','2021-06-19 05:57:42.107647','2021-06-19 05:57:42.107647','','creada'),(36,'TEST3',NULL,NULL,NULL,6,'materiales','2021-06-19 05:58:00.677788','2021-06-19 05:58:00.677788','','creada');
/*!40000 ALTER TABLE `campaign` ENABLE KEYS */;
UNLOCK TABLES;

--
-- Table structure for table `campaignEvent`
--

DROP TABLE IF EXISTS `campaignEvent`;
/*!40101 SET @saved_cs_client     = @@character_set_client */;
/*!50503 SET character_set_client = utf8mb4 */;
CREATE TABLE `campaignEvent` (
  `createdAt` datetime(6) NOT NULL DEFAULT CURRENT_TIMESTAMP(6),
  `updateAt` datetime(6) NOT NULL DEFAULT CURRENT_TIMESTAMP(6) ON UPDATE CURRENT_TIMESTAMP(6),
  `id` int NOT NULL AUTO_INCREMENT,
  `name` varchar(255) NOT NULL,
  `address` varchar(255) NOT NULL,
  `details` varchar(255) NOT NULL,
  `stage` enum('recaudación','entrega','recoger') NOT NULL,
  `startDate` timestamp NULL DEFAULT NULL,
  `endingDate` timestamp NULL DEFAULT NULL,
  `startTime` varchar(255) DEFAULT NULL,
  `endingTime` varchar(255) DEFAULT NULL,
  `campaign` int DEFAULT NULL,
  PRIMARY KEY (`id`),
  KEY `FK_ee3c031501c6ba471418281859c` (`campaign`),
  CONSTRAINT `FK_ee3c031501c6ba471418281859c` FOREIGN KEY (`campaign`) REFERENCES `campaign` (`id`)
) ENGINE=InnoDB AUTO_INCREMENT=26 DEFAULT CHARSET=utf8mb4 COLLATE=utf8mb4_0900_ai_ci;
/*!40101 SET character_set_client = @saved_cs_client */;

--
-- Dumping data for table `campaignEvent`
--

LOCK TABLES `campaignEvent` WRITE;
/*!40000 ALTER TABLE `campaignEvent` DISABLE KEYS */;
INSERT INTO `campaignEvent` VALUES ('2021-05-18 02:37:36.298393','2021-05-18 02:37:36.298393',1,'Inicio','Colegio San Andres','Recaudar la mitad','recaudación','2021-05-16 19:00:00','2021-05-26 19:00:00','16:18','21:51',13),('2021-05-18 02:39:46.936988','2021-05-18 02:39:46.936988',2,'Entrega','Av Las lomas 321','entregar todas las donacioens designadas','entrega','2021-05-30 19:00:00','2021-05-30 19:00:00','02:00','06:00',13),('2021-06-01 06:56:45.857342','2021-06-01 06:56:45.857342',3,'2da hora','Av Los girasoles 321','Llevar cajas de cartón','recaudación','2021-06-07 19:00:00','2021-06-14 19:00:00','13:00','20:40',19),('2021-06-04 19:13:35.158645','2021-06-04 19:13:35.158645',4,'Ariana Victoria ','Av Pascal 150','Al frente de Tottus','recoger','2021-06-03 19:00:00','2021-06-03 19:00:00',NULL,NULL,13),('2021-06-04 23:55:51.670208','2021-06-04 23:55:51.670208',5,'Ariana Victoria ','Av Pascal 150','Al frente de Tottus','recoger','2021-06-03 19:00:00','2021-06-03 19:00:00',NULL,NULL,13),('2021-06-05 01:01:39.762825','2021-06-05 01:01:39.762825',6,'Ariana Victoria ','Av Pascal 159','Frente al Real Plaza','recoger','2021-06-04 19:00:00','2021-06-04 19:00:00','04:30',NULL,13),('2021-06-05 06:22:44.521466','2021-06-05 06:22:44.521466',7,'Jhonny Angulo ','Av Carrasco 321','Al costado de una tienda Mass','recoger','2021-06-04 19:00:00','2021-06-04 19:00:00','17:30',NULL,13),('2021-06-15 00:33:21.025359','2021-06-15 00:33:21.025359',8,'Inicio','Colegio San Bartolo','Inicio de campaña','recaudación','2021-06-14 19:00:00','2021-06-14 19:00:00','15:00','20:00',21),('2021-06-15 00:35:38.525793','2021-06-15 00:35:38.525793',9,'Fin de campaña','Colegio San Agustin','-','entrega','2021-06-24 19:00:00','2021-06-24 19:00:00','18:30','22:00',21),('2021-06-15 01:25:50.151407','2021-06-15 01:25:50.151407',10,'Giovanna Zela ','Calle Pascal 159','Al frente del Real Plaza','recoger','2021-06-14 19:00:00','2021-06-14 19:00:00','18:30',NULL,21),('2021-06-16 12:43:26.921679','2021-06-16 12:43:26.921679',11,'prueba prueba ','','','recoger','2021-06-16 07:43:27','2021-06-16 07:43:27','7:43','7:43',19),('2021-06-16 12:46:42.416411','2021-06-16 12:46:42.416411',12,'prueba2 prueba2 ','','','recoger','2021-06-16 07:46:42','2021-06-16 07:46:42','7:46','7:46',19),('2021-06-16 22:49:31.083107','2021-06-16 22:49:31.083107',13,'prueba3 prueba3','','','recoger','2021-06-16 17:49:31','2021-06-16 17:49:31','17:49','17:49',19),('2021-06-17 07:40:59.711764','2021-06-17 07:40:59.711764',14,'inicio','Av Pierola','asadsa','recaudación','2021-06-23 19:00:00','2021-06-23 19:00:00','06:30','06:30',32),('2021-06-17 07:42:50.765275','2021-06-17 07:42:50.765275',15,'prueba4 prueba4','','','recoger','2021-06-17 02:42:51','2021-06-17 02:42:51','2:42','2:42',32),('2021-06-17 11:23:30.589809','2021-06-17 11:23:30.589809',16,'sasdad asdads','','','recoger','2021-06-17 06:23:31','2021-06-17 06:23:31','6:23','6:23',33),('2021-06-17 11:28:18.677133','2021-06-17 11:28:18.677133',17,'Inicio','Av 3 de mayo','---','recaudación','2021-06-22 19:00:00','2021-06-29 19:00:00','12:00','18:30',23),('2021-06-17 12:26:57.667657','2021-06-17 12:26:57.667657',18,'prueba3 prueba3','','','recoger','2021-06-17 07:26:58','2021-06-17 07:26:58','7:26','7:26',23),('2021-06-17 12:50:19.731587','2021-06-17 12:50:19.731587',19,'prueba5 prueba5','','','recoger','2021-06-17 07:50:20','2021-06-17 07:50:20','7:50','7:50',23),('2021-06-19 20:28:12.407760','2021-06-19 20:28:12.407760',21,'Inicio','test','test','recaudación','2021-06-20 19:00:00','2021-06-21 19:00:00','18:30','21:45',24),('2021-06-19 20:56:31.705986','2021-06-19 21:00:19.000000',24,'UpdateEvent','UpdateEvent','UpdateEvent','entrega','2021-06-23 19:00:00','2021-06-29 19:00:00','18:30','18:55',24),('2021-07-18 08:49:30.458340','2021-07-18 08:49:30.458340',25,'prueba2 prueba2','','','recoger','2021-07-18 03:49:30','2021-07-18 03:49:30','3:49','3:49',27);
/*!40000 ALTER TABLE `campaignEvent` ENABLE KEYS */;
UNLOCK TABLES;

--
-- Table structure for table `campaign_beneficiaries_beneficiary`
--

DROP TABLE IF EXISTS `campaign_beneficiaries_beneficiary`;
/*!40101 SET @saved_cs_client     = @@character_set_client */;
/*!50503 SET character_set_client = utf8mb4 */;
CREATE TABLE `campaign_beneficiaries_beneficiary` (
  `campaignId` int NOT NULL,
  `beneficiaryId` int NOT NULL,
  PRIMARY KEY (`campaignId`,`beneficiaryId`),
  KEY `IDX_f0640a9701bb8c2bd0289bef33` (`campaignId`),
  KEY `IDX_9916a2926ef3650bd1ff4cc535` (`beneficiaryId`),
  CONSTRAINT `FK_9916a2926ef3650bd1ff4cc5359` FOREIGN KEY (`beneficiaryId`) REFERENCES `beneficiary` (`id`) ON DELETE CASCADE,
  CONSTRAINT `FK_f0640a9701bb8c2bd0289bef330` FOREIGN KEY (`campaignId`) REFERENCES `campaign` (`id`) ON DELETE CASCADE
) ENGINE=InnoDB DEFAULT CHARSET=utf8mb4 COLLATE=utf8mb4_0900_ai_ci;
/*!40101 SET character_set_client = @saved_cs_client */;

--
-- Dumping data for table `campaign_beneficiaries_beneficiary`
--

LOCK TABLES `campaign_beneficiaries_beneficiary` WRITE;
/*!40000 ALTER TABLE `campaign_beneficiaries_beneficiary` DISABLE KEYS */;
INSERT INTO `campaign_beneficiaries_beneficiary` VALUES (13,10),(13,11),(13,12),(13,15),(13,17);
/*!40000 ALTER TABLE `campaign_beneficiaries_beneficiary` ENABLE KEYS */;
UNLOCK TABLES;

--
-- Table structure for table `campaign_donations_donation`
--

DROP TABLE IF EXISTS `campaign_donations_donation`;
/*!40101 SET @saved_cs_client     = @@character_set_client */;
/*!50503 SET character_set_client = utf8mb4 */;
CREATE TABLE `campaign_donations_donation` (
  `campaignId` int NOT NULL,
  `donationId` int NOT NULL,
  PRIMARY KEY (`campaignId`,`donationId`),
  KEY `IDX_8fe13010c52a4125f3b6e7010e` (`campaignId`),
  KEY `IDX_f0587a9958a2ee8822506cca51` (`donationId`),
  CONSTRAINT `FK_8fe13010c52a4125f3b6e7010ea` FOREIGN KEY (`campaignId`) REFERENCES `campaign` (`id`) ON DELETE CASCADE,
  CONSTRAINT `FK_f0587a9958a2ee8822506cca517` FOREIGN KEY (`donationId`) REFERENCES `donation` (`id`) ON DELETE CASCADE
) ENGINE=InnoDB DEFAULT CHARSET=utf8mb4 COLLATE=utf8mb4_0900_ai_ci;
/*!40101 SET character_set_client = @saved_cs_client */;

--
-- Dumping data for table `campaign_donations_donation`
--

LOCK TABLES `campaign_donations_donation` WRITE;
/*!40000 ALTER TABLE `campaign_donations_donation` DISABLE KEYS */;
/*!40000 ALTER TABLE `campaign_donations_donation` ENABLE KEYS */;
UNLOCK TABLES;

--
-- Table structure for table `campaign_stage_entity`
--

DROP TABLE IF EXISTS `campaign_stage_entity`;
/*!40101 SET @saved_cs_client     = @@character_set_client */;
/*!50503 SET character_set_client = utf8mb4 */;
CREATE TABLE `campaign_stage_entity` (
  `createdAt` datetime(6) NOT NULL DEFAULT CURRENT_TIMESTAMP(6),
  `updateAt` datetime(6) NOT NULL DEFAULT CURRENT_TIMESTAMP(6) ON UPDATE CURRENT_TIMESTAMP(6),
  `id` int NOT NULL AUTO_INCREMENT,
  `name` varchar(255) NOT NULL,
  `address` varchar(255) NOT NULL,
  `details` varchar(255) NOT NULL,
  `stage` enum('recaudación','entrega') NOT NULL,
  `startDate` timestamp NULL DEFAULT NULL,
  `campaign` int DEFAULT NULL,
  `endingDate` timestamp NULL DEFAULT NULL,
  `startTime` varchar(255) DEFAULT NULL,
  `endingTime` varchar(255) DEFAULT NULL,
  PRIMARY KEY (`id`),
  KEY `FK_f18d02637388e9a7f200fc353a0` (`campaign`),
  CONSTRAINT `FK_f18d02637388e9a7f200fc353a0` FOREIGN KEY (`campaign`) REFERENCES `campaign` (`id`)
) ENGINE=InnoDB AUTO_INCREMENT=8 DEFAULT CHARSET=utf8mb4 COLLATE=utf8mb4_0900_ai_ci;
/*!40101 SET character_set_client = @saved_cs_client */;

--
-- Dumping data for table `campaign_stage_entity`
--

LOCK TABLES `campaign_stage_entity` WRITE;
/*!40000 ALTER TABLE `campaign_stage_entity` DISABLE KEYS */;
INSERT INTO `campaign_stage_entity` VALUES ('2021-05-10 07:09:08.943194','2021-05-10 07:09:08.943194',1,'Primera entrega','Colegio San Francisco del Loyola','Se buscará recaudar al menos la mitad de las donaciones','entrega','2021-05-09 19:00:00',13,'2021-05-14 19:00:00','09:00','04:25'),('2021-05-11 19:03:54.116160','2021-05-11 19:03:54.116160',2,'asdadsadsa','adadsa','','recaudación','2021-05-26 19:00:00',13,'2021-05-27 19:00:00','03:20','04:21'),('2021-05-11 19:32:15.851843','2021-05-11 19:32:15.851843',3,'asdasdad','asdadsad','','recaudación','2021-05-11 19:00:00',13,'2021-05-19 19:00:00','05:21','08:39'),('2021-05-11 19:32:50.638692','2021-05-11 19:32:50.638692',4,'asda','asdadsad','','entrega','2021-05-11 19:00:00',13,'2021-05-11 19:00:00','03:17','10:21'),('2021-05-11 19:37:42.412579','2021-05-11 19:37:42.412579',5,'entrega2','Dir 13','','entrega','2021-05-19 19:00:00',13,'2021-05-19 19:00:00','03:20','04:18'),('2021-05-11 22:43:03.021559','2021-05-11 22:43:03.021559',6,'inicio','Av Forestales 321 Surquillo','Se buscará recaudar al menos la mitad de las donaciones','recaudación','2021-05-11 19:00:00',27,'2021-05-15 19:00:00','13:05','21:45'),('2021-05-11 22:44:03.224740','2021-05-11 22:44:03.224740',7,'Primera entrega','Colegio San Francisco de Loyola','Se necesitarán 2 voluntarios minimo','entrega','2021-05-24 19:00:00',27,'2021-05-25 19:00:00','02:10','14:30');
/*!40000 ALTER TABLE `campaign_stage_entity` ENABLE KEYS */;
UNLOCK TABLES;

--
-- Table structure for table `district`
--

DROP TABLE IF EXISTS `district`;
/*!40101 SET @saved_cs_client     = @@character_set_client */;
/*!50503 SET character_set_client = utf8mb4 */;
CREATE TABLE `district` (
  `id` char(6) NOT NULL,
  `name` varchar(50) NOT NULL,
  `clasification` varchar(50) NOT NULL,
  `provinceId` char(4) DEFAULT NULL,
  PRIMARY KEY (`id`),
  KEY `FK_23a21b38208367a242b1dd3a424` (`provinceId`),
  CONSTRAINT `FK_23a21b38208367a242b1dd3a424` FOREIGN KEY (`provinceId`) REFERENCES `province` (`id`)
) ENGINE=InnoDB DEFAULT CHARSET=utf8mb4 COLLATE=utf8mb4_0900_ai_ci;
/*!40101 SET character_set_client = @saved_cs_client */;

--
-- Dumping data for table `district`
--

LOCK TABLES `district` WRITE;
/*!40000 ALTER TABLE `district` DISABLE KEYS */;
INSERT INTO `district` VALUES ('010101','CHACHAPOYAS','NO POBRE','0101'),('010102','ASUNCION','POBRE NO EXTREMO','0101'),('010103','BALSAS','NO POBRE','0101'),('010104','CHETO','NO POBRE','0101'),('010105','CHILIQUIN','POBRE NO EXTREMO','0101'),('010106','CHUQUIBAMBA','POBRE NO EXTREMO','0101'),('010107','GRANADA','NO POBRE','0101'),('010108','HUANCAS','NO POBRE','0101'),('010109','LA JALCA','POBRE EXTREMO','0101'),('010110','LEIMEBAMBA','NO POBRE','0101'),('010111','LEVANTO','NO POBRE','0101'),('010112','MAGDALENA','NO POBRE','0101'),('010113','MARISCAL CASTILLA','NO POBRE','0101'),('010114','MOLINOPAMPA','NO POBRE','0101'),('010115','MONTEVIDEO','NO POBRE','0101'),('010116','OLLEROS','POBRE NO EXTREMO','0101'),('010117','QUINJALCA','POBRE NO EXTREMO','0101'),('010118','SAN FRANCISCO DE DAGUAS','NO POBRE','0101'),('010119','SAN ISIDRO DE MAINO','NO POBRE','0101'),('010120','SOLOCO','NO POBRE','0101'),('010121','SONCHE','NO POBRE','0101'),('010201','LA PECA','NO POBRE','0102'),('010202','ARAMANGO','NO POBRE','0102'),('010203','COPALLIN','NO POBRE','0102'),('010204','EL PARCO','NO POBRE','0102'),('010205','BAGUA','NO POBRE','0102'),('010206','IMAZA','POBRE EXTREMO','0102'),('010301','JUMBILLA','NO POBRE','0103'),('010302','COROSHA','NO POBRE','0103'),('010303','CUISPES','NO POBRE','0103'),('010304','CHISQUILLA','NO POBRE','0103'),('010305','CHURUJA','NO POBRE','0103'),('010306','FLORIDA','NO POBRE','0103'),('010307','RECTA','NO POBRE','0103'),('010308','SAN CARLOS','NO POBRE','0103'),('010309','SHIPASBAMBA','NO POBRE','0103'),('010310','VALERA','NO POBRE','0103'),('010311','YAMBRASBAMBA','NO POBRE','0103'),('010312','JAZAN','NO POBRE','0103'),('010401','LAMUD','NO POBRE','0104'),('010402','CAMPORREDONDO','NO POBRE','0104'),('010403','COCABAMBA','POBRE NO EXTREMO','0104'),('010404','COLCAMAR','POBRE NO EXTREMO','0104'),('010405','CONILA','NO POBRE','0104'),('010406','INGUILPATA','NO POBRE','0104'),('010407','LONGUITA','NO POBRE','0104'),('010408','LONYA CHICO','NO POBRE','0104'),('010409','LUYA','NO POBRE','0104'),('010410','LUYA VIEJO','NO POBRE','0104'),('010411','MARIA','NO POBRE','0104'),('010412','OCALLI','NO POBRE','0104'),('010413','OCUMAL','NO POBRE','0104'),('010414','PISUQUIA','POBRE NO EXTREMO','0104'),('010415','SAN CRISTOBAL','POBRE NO EXTREMO','0104'),('010416','SAN FRANCISCO DE YESO','POBRE NO EXTREMO','0104'),('010417','SAN JERONIMO','POBRE NO EXTREMO','0104'),('010418','SAN JUAN DE LOPECANCHA','POBRE NO EXTREMO','0104'),('010419','SANTA CATALINA','POBRE NO EXTREMO','0104'),('010420','SANTO TOMAS','POBRE NO EXTREMO','0104'),('010421','TINGO','NO POBRE','0104'),('010422','TRITA','NO POBRE','0104'),('010423','PROVIDENCIA','POBRE NO EXTREMO','0104'),('010501','SAN NICOLAS','NO POBRE','0105'),('010502','COCHAMAL','NO POBRE','0105'),('010503','CHIRIMOTO','POBRE NO EXTREMO','0105'),('010504','HUAMBO','NO POBRE','0105'),('010505','LIMABAMBA','NO POBRE','0105'),('010506','LONGAR','NO POBRE','0105'),('010507','MILPUCC','NO POBRE','0105'),('010508','MARISCAL BENAVIDES','NO POBRE','0105'),('010509','OMIA','NO POBRE','0105'),('010510','SANTA ROSA','NO POBRE','0105'),('010511','TOTORA','NO POBRE','0105'),('010512','VISTA ALEGRE','NO POBRE','0105'),('010601','NIEVA','POBRE NO EXTREMO','0106'),('010602','RIO SANTIAGO','POBRE EXTREMO','0106'),('010603','EL CENEPA','POBRE EXTREMO','0106'),('010701','BAGUA GRANDE','NO POBRE','0107'),('010702','CAJARURO','NO POBRE','0107'),('010703','CUMBA','NO POBRE','0107'),('010704','EL MILAGRO','NO POBRE','0107'),('010705','JAMALCA','NO POBRE','0107'),('010706','LONYA GRANDE','NO POBRE','0107'),('010707','YAMON','NO POBRE','0107'),('020101','HUARAZ','NO POBRE','0201'),('020102','INDEPENDENCIA','NO POBRE','0201'),('020103','COCHABAMBA','POBRE EXTREMO','0201'),('020104','COLCABAMBA','NO POBRE','0201'),('020105','HUANCHAY','NO POBRE','0201'),('020106','JANGAS','NO POBRE','0201'),('020107','LA LIBERTAD','POBRE EXTREMO','0201'),('020108','OLLEROS','NO POBRE','0201'),('020109','PAMPAS','NO POBRE','0201'),('020110','PARIACOTO','NO POBRE','0201'),('020111','PIRA','POBRE EXTREMO','0201'),('020112','TARICA','NO POBRE','0201'),('020201','AIJA','NO POBRE','0202'),('020203','CORIS','NO POBRE','0202'),('020205','HUACLLAN','NO POBRE','0202'),('020206','LA MERCED','NO POBRE','0202'),('020208','SUCCHA','NO POBRE','0202'),('020301','CHIQUIAN','NO POBRE','0203'),('020302','ABELARDO PARDO LEZAMETA','NO POBRE','0203'),('020304','AQUIA','NO POBRE','0203'),('020305','CAJACAY','NO POBRE','0203'),('020310','HUAYLLACAYAN','NO POBRE','0203'),('020311','HUASTA','NO POBRE','0203'),('020313','MANGAS','NO POBRE','0203'),('020315','PACLLON','NO POBRE','0203'),('020317','SAN MIGUEL DE CORPANQUI','NO POBRE','0203'),('020320','TICLLOS','NO POBRE','0203'),('020321','ANTONIO RAIMONDI','NO POBRE','0203'),('020322','CANIS','NO POBRE','0203'),('020323','COLQUIOC','NO POBRE','0203'),('020324','LA PRIMAVERA','NO POBRE','0203'),('020325','HUALLANCA','NO POBRE','0203'),('020401','CARHUAZ','NO POBRE','0204'),('020402','ACOPAMPA','NO POBRE','0204'),('020403','AMASHCA','NO POBRE','0204'),('020404','ANTA','NO POBRE','0204'),('020405','ATAQUERO','POBRE EXTREMO','0204'),('020406','MARCARA','NO POBRE','0204'),('020407','PARIAHUANCA','NO POBRE','0204'),('020408','SAN MIGUEL DE ACO','POBRE EXTREMO','0204'),('020409','SHILLA','POBRE EXTREMO','0204'),('020410','TINCO','NO POBRE','0204'),('020411','YUNGAR','NO POBRE','0204'),('020501','CASMA','NO POBRE','0205'),('020502','BUENA VISTA ALTA','NO POBRE','0205'),('020503','COMANDANTE NOEL','NO POBRE','0205'),('020505','YAUTAN','NO POBRE','0205'),('020601','CORONGO','NO POBRE','0206'),('020602','ACO','NO POBRE','0206'),('020603','BAMBAS','NO POBRE','0206'),('020604','CUSCA','NO POBRE','0206'),('020605','LA PAMPA','NO POBRE','0206'),('020606','YANAC','NO POBRE','0206'),('020607','YUPAN','NO POBRE','0206'),('020701','CARAZ','NO POBRE','0207'),('020702','HUALLANCA','NO POBRE','0207'),('020703','HUATA','NO POBRE','0207'),('020704','HUAYLAS','NO POBRE','0207'),('020705','MATO','NO POBRE','0207'),('020706','PAMPAROMAS','POBRE EXTREMO','0207'),('020707','PUEBLO LIBRE','POBRE EXTREMO','0207'),('020708','SANTA CRUZ','POBRE EXTREMO','0207'),('020709','YURACMARCA','NO POBRE','0207'),('020710','SANTO TORIBIO','NO POBRE','0207'),('020801','HUARI','NO POBRE','0208'),('020802','CAJAY','POBRE EXTREMO','0208'),('020803','CHAVIN DE HUANTAR','POBRE EXTREMO','0208'),('020804','HUACACHI','POBRE EXTREMO','0208'),('020805','HUACHIS','POBRE EXTREMO','0208'),('020806','HUACCHIS','POBRE EXTREMO','0208'),('020807','HUANTAR','POBRE EXTREMO','0208'),('020808','MASIN','NO POBRE','0208'),('020809','PAUCAS','POBRE EXTREMO','0208'),('020810','PONTO','POBRE EXTREMO','0208'),('020811','RAHUAPAMPA','NO POBRE','0208'),('020812','RAPAYAN','POBRE EXTREMO','0208'),('020813','SAN MARCOS','NO POBRE','0208'),('020814','SAN PEDRO DE CHANA','POBRE EXTREMO','0208'),('020815','UCO','POBRE EXTREMO','0208'),('020816','ANRA','POBRE EXTREMO','0208'),('020901','PISCOBAMBA','NO POBRE','0209'),('020902','CASCA','POBRE EXTREMO','0209'),('020903','LUCMA','POBRE EXTREMO','0209'),('020904','FIDEL OLIVAS ESCUDERO','POBRE EXTREMO','0209'),('020905','LLAMA','NO POBRE','0209'),('020906','LLUMPA','POBRE EXTREMO','0209'),('020907','MUSGA','NO POBRE','0209'),('020908','ELEAZAR GUZMAN BARRON','POBRE EXTREMO','0209'),('021001','CABANA','NO POBRE','0210'),('021002','BOLOGNESI','NO POBRE','0210'),('021003','CONCHUCOS','POBRE EXTREMO','0210'),('021004','HUACASCHUQUE','NO POBRE','0210'),('021005','HUANDOVAL','NO POBRE','0210'),('021006','LACABAMBA','NO POBRE','0210'),('021007','LLAPO','NO POBRE','0210'),('021008','PALLASCA','POBRE EXTREMO','0210'),('021009','PAMPAS','POBRE EXTREMO','0210'),('021010','SANTA ROSA','NO POBRE','0210'),('021011','TAUCA','NO POBRE','0210'),('021101','POMABAMBA','NO POBRE','0211'),('021102','HUAYLLAN','NO POBRE','0211'),('021103','PAROBAMBA','POBRE EXTREMO','0211'),('021104','QUINUABAMBA','POBRE EXTREMO','0211'),('021201','RECUAY','NO POBRE','0212'),('021202','COTAPARACO','NO POBRE','0212'),('021203','HUAYLLAPAMPA','NO POBRE','0212'),('021204','MARCA','NO POBRE','0212'),('021205','PAMPAS CHICO','NO POBRE','0212'),('021206','PARARIN','NO POBRE','0212'),('021207','TAPACOCHA','POBRE EXTREMO','0212'),('021208','TICAPAMPA','NO POBRE','0212'),('021209','LLACLLIN','POBRE NO EXTREMO','0212'),('021210','CATAC','NO POBRE','0212'),('021301','CHIMBOTE','NO POBRE','0213'),('021302','CACERES DEL PERU','NO POBRE','0213'),('021303','MACATE','NO POBRE','0213'),('021304','MORO','NO POBRE','0213'),('021305','NEPEÑA','NO POBRE','0213'),('021306','SAMANCO','NO POBRE','0213'),('021307','SANTA','NO POBRE','0213'),('021308','COISHCO','NO POBRE','0213'),('021309','NUEVO CHIMBOTE','NO POBRE','0213'),('021401','SIHUAS','NO POBRE','0214'),('021402','ALFONSO UGARTE','POBRE NO EXTREMO','0214'),('021403','CHINGALPO','POBRE EXTREMO','0214'),('021404','HUAYLLABAMBA','POBRE EXTREMO','0214'),('021405','QUICHES','POBRE EXTREMO','0214'),('021406','SICSIBAMBA','POBRE EXTREMO','0214'),('021407','ACOBAMBA','POBRE EXTREMO','0214'),('021408','CASHAPAMPA','POBRE EXTREMO','0214'),('021409','RAGASH','POBRE EXTREMO','0214'),('021410','SAN JUAN','POBRE EXTREMO','0214'),('021501','YUNGAY','NO POBRE','0215'),('021502','CASCAPARA','POBRE EXTREMO','0215'),('021503','MANCOS','NO POBRE','0215'),('021504','MATACOTO','NO POBRE','0215'),('021505','QUILLO','POBRE EXTREMO','0215'),('021506','RANRAHIRCA','NO POBRE','0215'),('021507','SHUPLUY','POBRE EXTREMO','0215'),('021508','YANAMA','POBRE EXTREMO','0215'),('021601','LLAMELLIN','POBRE NO EXTREMO','0216'),('021602','ACZO','POBRE EXTREMO','0216'),('021603','CHACCHO','POBRE EXTREMO','0216'),('021604','CHINGAS','NO POBRE','0216'),('021605','MIRGAS','POBRE EXTREMO','0216'),('021606','SAN JUAN DE RONTOY','POBRE EXTREMO','0216'),('021701','SAN LUIS','POBRE EXTREMO','0217'),('021702','YAUYA','POBRE EXTREMO','0217'),('021703','SAN NICOLAS','POBRE EXTREMO','0217'),('021801','CHACAS','NO POBRE','0218'),('021802','ACOCHACA','POBRE EXTREMO','0218'),('021901','HUARMEY','NO POBRE','0219'),('021902','COCHAPETI','NO POBRE','0219'),('021903','HUAYAN','NO POBRE','0219'),('021904','MALVAS','NO POBRE','0219'),('021905','CULEBRAS','NO POBRE','0219'),('022001','ACAS','NO POBRE','0220'),('022002','CAJAMARQUILLA','NO POBRE','0220'),('022003','CARHUAPAMPA','NO POBRE','0220'),('022004','COCHAS','NO POBRE','0220'),('022005','CONGAS','NO POBRE','0220'),('022006','LLIPA','NO POBRE','0220'),('022007','OCROS','NO POBRE','0220'),('022008','SAN CRISTOBAL DE RAJAN','NO POBRE','0220'),('022009','SAN PEDRO','NO POBRE','0220'),('022010','SANTIAGO DE CHILCAS','NO POBRE','0220'),('030101','ABANCAY','NO POBRE','0301'),('030102','CIRCA','POBRE EXTREMO','0301'),('030103','CURAHUASI','POBRE NO EXTREMO','0301'),('030104','CHACOCHE','POBRE NO EXTREMO','0301'),('030105','HUANIPACA','POBRE NO EXTREMO','0301'),('030106','LAMBRAMA','POBRE EXTREMO','0301'),('030107','PICHIRHUA','POBRE NO EXTREMO','0301'),('030108','SAN PEDRO DE CACHORA','POBRE NO EXTREMO','0301'),('030109','TAMBURCO','NO POBRE','0301'),('030201','CHALHUANCA','NO POBRE','0302'),('030202','CAPAYA','POBRE NO EXTREMO','0302'),('030203','CARAYBAMBA','POBRE NO EXTREMO','0302'),('030204','COLCABAMBA','POBRE NO EXTREMO','0302'),('030205','COTARUSE','POBRE EXTREMO','0302'),('030206','CHAPIMARCA','POBRE NO EXTREMO','0302'),('030207','HUAYLLO','POBRE NO EXTREMO','0302'),('030208','LUCRE','POBRE NO EXTREMO','0302'),('030209','POCOHUANCA','POBRE NO EXTREMO','0302'),('030210','SAÑAYCA','POBRE EXTREMO','0302'),('030211','SORAYA','POBRE NO EXTREMO','0302'),('030212','TAPAIRIHUA','POBRE NO EXTREMO','0302'),('030213','TINTAY','POBRE NO EXTREMO','0302'),('030214','TORAYA','POBRE EXTREMO','0302'),('030215','YANACA','POBRE NO EXTREMO','0302'),('030216','SAN JUAN DE CHACÑA','POBRE NO EXTREMO','0302'),('030217','JUSTO APU SAHUARAURA','POBRE NO EXTREMO','0302'),('030301','ANDAHUAYLAS','NO POBRE','0303'),('030302','ANDARAPA','POBRE NO EXTREMO','0303'),('030303','CHIARA','POBRE NO EXTREMO','0303'),('030304','HUANCARAMA','POBRE NO EXTREMO','0303'),('030305','HUANCARAY','POBRE NO EXTREMO','0303'),('030306','KISHUARA','POBRE EXTREMO','0303'),('030307','PACOBAMBA','POBRE NO EXTREMO','0303'),('030308','PAMPACHIRI','POBRE NO EXTREMO','0303'),('030309','SAN ANTONIO DE CACHI','POBRE NO EXTREMO','0303'),('030310','SAN JERONIMO','POBRE NO EXTREMO','0303'),('030311','TALAVERA','POBRE NO EXTREMO','0303'),('030312','TURPO','POBRE NO EXTREMO','0303'),('030313','PACUCHA','POBRE NO EXTREMO','0303'),('030314','POMACOCHA','POBRE NO EXTREMO','0303'),('030315','SANTA MARIA DE CHICMO','POBRE NO EXTREMO','0303'),('030316','TUMAY HUARACA','POBRE EXTREMO','0303'),('030317','HUAYANA','POBRE NO EXTREMO','0303'),('030318','SAN MIGUEL DE CHACCRAMPA','POBRE EXTREMO','0303'),('030319','KAQUIABAMBA','POBRE NO EXTREMO','0303'),('030320','JOSÉ MARÍA ARGUEDAS','NO POBRE','0303'),('030401','ANTABAMBA','POBRE EXTREMO','0304'),('030402','EL ORO','NO POBRE','0304'),('030403','HUAQUIRCA','POBRE EXTREMO','0304'),('030404','JUAN ESPINOZA MEDRANO','POBRE EXTREMO','0304'),('030405','OROPESA','POBRE NO EXTREMO','0304'),('030406','PACHACONAS','POBRE NO EXTREMO','0304'),('030407','SABAINO','POBRE EXTREMO','0304'),('030501','TAMBOBAMBA','POBRE EXTREMO','0305'),('030502','COYLLURQUI','POBRE NO EXTREMO','0305'),('030503','COTABAMBAS','POBRE NO EXTREMO','0305'),('030504','HAQUIRA','POBRE EXTREMO','0305'),('030505','MARA','POBRE EXTREMO','0305'),('030506','CHALLHUAHUACHO','POBRE EXTREMO','0305'),('030601','CHUQUIBAMBILLA','POBRE NO EXTREMO','0306'),('030602','CURPAHUASI','POBRE EXTREMO','0306'),('030603','HUAILLATI','POBRE NO EXTREMO','0306'),('030604','MAMARA','POBRE NO EXTREMO','0306'),('030605','MARISCAL GAMARRA','POBRE EXTREMO','0306'),('030606','MICAELA BASTIDAS','POBRE EXTREMO','0306'),('030607','PROGRESO','POBRE NO EXTREMO','0306'),('030608','PATAYPAMPA','POBRE EXTREMO','0306'),('030609','SAN ANTONIO','POBRE EXTREMO','0306'),('030610','TURPAY','POBRE NO EXTREMO','0306'),('030611','VILCABAMBA','NO POBRE','0306'),('030612','VIRUNDO','POBRE EXTREMO','0306'),('030613','SANTA ROSA','POBRE EXTREMO','0306'),('030614','CURASCO','POBRE EXTREMO','0306'),('030701','CHINCHEROS','POBRE NO EXTREMO','0307'),('030702','ONGOY','POBRE NO EXTREMO','0307'),('030703','OCOBAMBA','POBRE NO EXTREMO','0307'),('030704','COCHARCAS','POBRE EXTREMO','0307'),('030705','ANCO HUALLO','POBRE NO EXTREMO','0307'),('030706','HUACCANA','POBRE NO EXTREMO','0307'),('030707','URANMARCA','POBRE NO EXTREMO','0307'),('030708','RANRACANCHA','POBRE EXTREMO','0307'),('040101','AREQUIPA','NO POBRE','0401'),('040102','CAYMA','NO POBRE','0401'),('040103','CERRO COLORADO','NO POBRE','0401'),('040104','CHARACATO','NO POBRE','0401'),('040105','CHIGUATA','NO POBRE','0401'),('040106','LA JOYA','NO POBRE','0401'),('040107','MIRAFLORES','NO POBRE','0401'),('040108','MOLLEBAYA','NO POBRE','0401'),('040109','PAUCARPATA','NO POBRE','0401'),('040110','POCSI','NO POBRE','0401'),('040111','POLOBAYA','NO POBRE','0401'),('040112','QUEQUEÑA','NO POBRE','0401'),('040113','SABANDIA','NO POBRE','0401'),('040114','SACHACA','NO POBRE','0401'),('040115','SAN JUAN DE SIGUAS','NO POBRE','0401'),('040116','SAN JUAN DE TARUCANI','NO POBRE','0401'),('040117','SANTA ISABEL DE SIGUAS','NO POBRE','0401'),('040118','SANTA RITA DE SIHUAS','NO POBRE','0401'),('040119','SOCABAYA','NO POBRE','0401'),('040120','TIABAYA','NO POBRE','0401'),('040121','UCHUMAYO','NO POBRE','0401'),('040122','VITOR','NO POBRE','0401'),('040123','YANAHUARA','NO POBRE','0401'),('040124','YARABAMBA','NO POBRE','0401'),('040125','YURA','NO POBRE','0401'),('040126','MARIANO MELGAR','NO POBRE','0401'),('040127','JACOBO HUNTER','NO POBRE','0401'),('040128','ALTO SELVA ALEGRE','NO POBRE','0401'),('040129','JOSE LUIS BUSTAMANTE Y RIVERO','NO POBRE','0401'),('040201','CHIVAY','NO POBRE','0402'),('040202','ACHOMA','NO POBRE','0402'),('040203','CABANACONDE','NO POBRE','0402'),('040204','CAYLLOMA','NO POBRE','0402'),('040205','CALLALLI','NO POBRE','0402'),('040206','COPORAQUE','NO POBRE','0402'),('040207','HUAMBO','NO POBRE','0402'),('040208','HUANCA','NO POBRE','0402'),('040209','ICHUPAMPA','NO POBRE','0402'),('040210','LARI','NO POBRE','0402'),('040211','LLUTA','NO POBRE','0402'),('040212','MACA','NO POBRE','0402'),('040213','MADRIGAL','NO POBRE','0402'),('040214','SAN ANTONIO DE CHUCA','NO POBRE','0402'),('040215','SIBAYO','NO POBRE','0402'),('040216','TAPAY','NO POBRE','0402'),('040217','TISCO','NO POBRE','0402'),('040218','TUTI','NO POBRE','0402'),('040219','YANQUE','NO POBRE','0402'),('040220','MAJES','NO POBRE','0402'),('040301','CAMANA','NO POBRE','0403'),('040302','JOSE MARIA QUIMPER','NO POBRE','0403'),('040303','MARIANO NICOLAS VALCARCEL','NO POBRE','0403'),('040304','MARISCAL CACERES','NO POBRE','0403'),('040305','NICOLAS DE PIEROLA','NO POBRE','0403'),('040306','OCOÑA','NO POBRE','0403'),('040307','QUILCA','NO POBRE','0403'),('040308','SAMUEL PASTOR','NO POBRE','0403'),('040401','CARAVELI','NO POBRE','0404'),('040402','ACARI','NO POBRE','0404'),('040403','ATICO','NO POBRE','0404'),('040404','ATIQUIPA','NO POBRE','0404'),('040405','BELLA UNION','NO POBRE','0404'),('040406','CAHUACHO','NO POBRE','0404'),('040407','CHALA','NO POBRE','0404'),('040408','CHAPARRA','NO POBRE','0404'),('040409','HUANUHUANU','NO POBRE','0404'),('040410','JAQUI','NO POBRE','0404'),('040411','LOMAS','NO POBRE','0404'),('040412','QUICACHA','NO POBRE','0404'),('040413','YAUCA','NO POBRE','0404'),('040501','APLAO','NO POBRE','0405'),('040502','ANDAGUA','NO POBRE','0405'),('040503','AYO','NO POBRE','0405'),('040504','CHACHAS','POBRE EXTREMO','0405'),('040505','CHILCAYMARCA','NO POBRE','0405'),('040506','CHOCO','NO POBRE','0405'),('040507','HUANCARQUI','NO POBRE','0405'),('040508','MACHAGUAY','NO POBRE','0405'),('040509','ORCOPAMPA','NO POBRE','0405'),('040510','PAMPACOLCA','NO POBRE','0405'),('040511','TIPAN','NO POBRE','0405'),('040512','URACA','NO POBRE','0405'),('040513','UÑON','NO POBRE','0405'),('040514','VIRACO','NO POBRE','0405'),('040601','CHUQUIBAMBA','NO POBRE','0406'),('040602','ANDARAY','NO POBRE','0406'),('040603','CAYARANI','POBRE EXTREMO','0406'),('040604','CHICHAS','NO POBRE','0406'),('040605','IRAY','NO POBRE','0406'),('040606','SALAMANCA','NO POBRE','0406'),('040607','YANAQUIHUA','NO POBRE','0406'),('040608','RIO GRANDE','NO POBRE','0406'),('040701','MOLLENDO','NO POBRE','0407'),('040702','COCACHACRA','NO POBRE','0407'),('040703','DEAN VALDIVIA','NO POBRE','0407'),('040704','ISLAY','NO POBRE','0407'),('040705','MEJIA','NO POBRE','0407'),('040706','PUNTA DE BOMBON','NO POBRE','0407'),('040801','COTAHUASI','NO POBRE','0408'),('040802','ALCA','NO POBRE','0408'),('040803','CHARCANA','NO POBRE','0408'),('040804','HUAYNACOTAS','POBRE NO EXTREMO','0408'),('040805','PAMPAMARCA','POBRE EXTREMO','0408'),('040806','PUYCA','POBRE EXTREMO','0408'),('040807','QUECHUALLA','NO POBRE','0408'),('040808','SAYLA','NO POBRE','0408'),('040809','TAURIA','NO POBRE','0408'),('040810','TOMEPAMPA','NO POBRE','0408'),('040811','TORO','NO POBRE','0408'),('050101','AYACUCHO','NO POBRE','0501'),('050102','ACOS VINCHOS','POBRE EXTREMO','0501'),('050103','CARMEN ALTO','POBRE NO EXTREMO','0501'),('050104','CHIARA','POBRE EXTREMO','0501'),('050105','QUINUA','POBRE EXTREMO','0501'),('050106','SAN JOSE DE TICLLAS','POBRE EXTREMO','0501'),('050107','SAN JUAN BAUTISTA','NO POBRE','0501'),('050108','SANTIAGO DE PISCHA','POBRE EXTREMO','0501'),('050109','VINCHOS','POBRE EXTREMO','0501'),('050110','TAMBILLO','POBRE EXTREMO','0501'),('050111','ACOCRO','POBRE EXTREMO','0501'),('050112','SOCOS','POBRE EXTREMO','0501'),('050113','OCROS','POBRE EXTREMO','0501'),('050114','PACAYCASA','POBRE EXTREMO','0501'),('050115','JESUS NAZARENO','NO POBRE','0501'),('050116','ANDRES AVELINO CACERES','NO POBRE','0501'),('050201','CANGALLO','POBRE EXTREMO','0502'),('050204','CHUSCHI','POBRE EXTREMO','0502'),('050206','LOS MOROCHUCOS','POBRE EXTREMO','0502'),('050207','PARAS','POBRE EXTREMO','0502'),('050208','TOTOS','POBRE EXTREMO','0502'),('050211','MARIA PARADO DE BELLIDO','POBRE EXTREMO','0502'),('050301','HUANTA','POBRE EXTREMO','0503'),('050302','AYAHUANCO','POBRE EXTREMO','0503'),('050303','HUAMANGUILLA','POBRE EXTREMO','0503'),('050304','IGUAIN','POBRE EXTREMO','0503'),('050305','LURICOCHA','POBRE EXTREMO','0503'),('050307','SANTILLANA','POBRE EXTREMO','0503'),('050308','SIVIA','NO POBRE','0503'),('050309','LLOCHEGUA','NO POBRE','0503'),('050310','CANAYRE','NO POBRE','0503'),('050311','UCHURACCAY','NO POBRE','0503'),('050312','PUCACOLPA','POBRE EXTREMO','0503'),('050401','SAN MIGUEL','POBRE EXTREMO','0504'),('050402','ANCO','POBRE EXTREMO','0504'),('050403','AYNA','NO POBRE','0504'),('050404','CHILCAS','POBRE EXTREMO','0504'),('050405','CHUNGUI','POBRE EXTREMO','0504'),('050406','TAMBO','POBRE EXTREMO','0504'),('050407','LUIS CARRANZA','POBRE EXTREMO','0504'),('050408','SANTA ROSA','NO POBRE','0504'),('050409','SAMUGARI','POBRE EXTREMO','0504'),('050410','ANCHIHUAY','POBRE EXTREMO','0504'),('050501','PUQUIO','NO POBRE','0505'),('050502','AUCARA','POBRE NO EXTREMO','0505'),('050503','CABANA','POBRE NO EXTREMO','0505'),('050504','CARMEN SALCEDO','POBRE EXTREMO','0505'),('050506','CHAVIÑA','POBRE EXTREMO','0505'),('050508','CHIPAO','POBRE EXTREMO','0505'),('050510','HUAC-HUAS','NO POBRE','0505'),('050511','LARAMATE','POBRE EXTREMO','0505'),('050512','LEONCIO PRADO','POBRE NO EXTREMO','0505'),('050513','LUCANAS','POBRE EXTREMO','0505'),('050514','LLAUTA','NO POBRE','0505'),('050516','OCAÑA','POBRE EXTREMO','0505'),('050517','OTOCA','NO POBRE','0505'),('050520','SANCOS','NO POBRE','0505'),('050521','SAN JUAN','POBRE EXTREMO','0505'),('050522','SAN PEDRO','POBRE EXTREMO','0505'),('050524','SANTA ANA DE HUAYCAHUACHO','POBRE NO EXTREMO','0505'),('050525','SANTA LUCIA','NO POBRE','0505'),('050529','SAISA','NO POBRE','0505'),('050531','SAN PEDRO DE PALCO','POBRE EXTREMO','0505'),('050532','SAN CRISTOBAL','POBRE EXTREMO','0505'),('050601','CORACORA','NO POBRE','0506'),('050604','CORONEL CASTAÑEDA','NO POBRE','0506'),('050605','CHUMPI','POBRE EXTREMO','0506'),('050608','PACAPAUSA','POBRE EXTREMO','0506'),('050611','PULLO','NO POBRE','0506'),('050612','PUYUSCA','POBRE NO EXTREMO','0506'),('050615','SAN FRANCISCO DE RAVACAYCO','POBRE EXTREMO','0506'),('050616','UPAHUACHO','POBRE EXTREMO','0506'),('050701','HUANCAPI','POBRE NO EXTREMO','0507'),('050702','ALCAMENCA','POBRE NO EXTREMO','0507'),('050703','APONGO','POBRE EXTREMO','0507'),('050704','CANARIA','POBRE EXTREMO','0507'),('050706','CAYARA','POBRE EXTREMO','0507'),('050707','COLCA','POBRE EXTREMO','0507'),('050708','HUALLA','POBRE EXTREMO','0507'),('050709','HUAMANQUIQUIA','POBRE EXTREMO','0507'),('050710','HUANCARAYLLA','POBRE EXTREMO','0507'),('050713','SARHUA','POBRE EXTREMO','0507'),('050714','VILCANCHOS','POBRE EXTREMO','0507'),('050715','ASQUIPATA','POBRE EXTREMO','0507'),('050801','SANCOS','POBRE NO EXTREMO','0508'),('050802','SACSAMARCA','POBRE EXTREMO','0508'),('050803','SANTIAGO DE LUCANAMARCA','POBRE EXTREMO','0508'),('050804','CARAPO','POBRE EXTREMO','0508'),('050901','VILCAS HUAMAN','POBRE EXTREMO','0509'),('050902','VISCHONGO','POBRE EXTREMO','0509'),('050903','ACCOMARCA','POBRE EXTREMO','0509'),('050904','CARHUANCA','POBRE NO EXTREMO','0509'),('050905','CONCEPCION','POBRE EXTREMO','0509'),('050906','HUAMBALPA','POBRE EXTREMO','0509'),('050907','SAURAMA','POBRE EXTREMO','0509'),('050908','INDEPENDENCIA','POBRE EXTREMO','0509'),('051001','PAUSA','NO POBRE','0510'),('051002','COLTA','POBRE EXTREMO','0510'),('051003','CORCULLA','POBRE NO EXTREMO','0510'),('051004','LAMPA','NO POBRE','0510'),('051005','MARCABAMBA','NO POBRE','0510'),('051006','OYOLO','POBRE EXTREMO','0510'),('051007','PARARCA','POBRE EXTREMO','0510'),('051008','SAN JAVIER DE ALPABAMBA','POBRE NO EXTREMO','0510'),('051009','SAN JOSE DE USHUA','NO POBRE','0510'),('051010','SARA SARA','POBRE EXTREMO','0510'),('051101','QUEROBAMBA','POBRE NO EXTREMO','0511'),('051102','BELEN','POBRE EXTREMO','0511'),('051103','CHALCOS','POBRE EXTREMO','0511'),('051104','SAN SALVADOR DE QUIJE','POBRE EXTREMO','0511'),('051105','PAICO','POBRE EXTREMO','0511'),('051106','SANTIAGO DE PAUCARAY','POBRE EXTREMO','0511'),('051107','SAN PEDRO DE LARCAY','POBRE EXTREMO','0511'),('051108','SORAS','POBRE EXTREMO','0511'),('051109','HUACAÑA','NO POBRE','0511'),('051110','CHILCAYOC','POBRE EXTREMO','0511'),('051111','MORCOLLA','POBRE EXTREMO','0511'),('060101','CAJAMARCA','NO POBRE','0601'),('060102','ASUNCION','POBRE NO EXTREMO','0601'),('060103','COSPAN','POBRE EXTREMO','0601'),('060104','CHETILLA','POBRE EXTREMO','0601'),('060105','ENCAÑADA','POBRE EXTREMO','0601'),('060106','JESUS','POBRE EXTREMO','0601'),('060107','LOS BAÑOS DEL INCA','NO POBRE','0601'),('060108','LLACANORA','POBRE EXTREMO','0601'),('060109','MAGDALENA','NO POBRE','0601'),('060110','MATARA','POBRE NO EXTREMO','0601'),('060111','NAMORA','POBRE EXTREMO','0601'),('060112','SAN JUAN','POBRE EXTREMO','0601'),('060201','CAJABAMBA','NO POBRE','0602'),('060202','CACHACHI','POBRE EXTREMO','0602'),('060203','CONDEBAMBA','POBRE NO EXTREMO','0602'),('060205','SITACOCHA','POBRE EXTREMO','0602'),('060301','CELENDIN','NO POBRE','0603'),('060302','CORTEGANA','POBRE EXTREMO','0603'),('060303','CHUMUCH','POBRE EXTREMO','0603'),('060304','HUASMIN','POBRE EXTREMO','0603'),('060305','JORGE CHAVEZ','NO POBRE','0603'),('060306','JOSE GALVEZ','NO POBRE','0603'),('060307','MIGUEL IGLESIAS','POBRE EXTREMO','0603'),('060308','OXAMARCA','POBRE EXTREMO','0603'),('060309','SOROCHUCO','POBRE EXTREMO','0603'),('060310','SUCRE','POBRE EXTREMO','0603'),('060311','UTCO','POBRE EXTREMO','0603'),('060312','LA LIBERTAD DE PALLAN','POBRE EXTREMO','0603'),('060401','CONTUMAZA','NO POBRE','0604'),('060403','CHILETE','NO POBRE','0604'),('060404','GUZMANGO','POBRE NO EXTREMO','0604'),('060405','SAN BENITO','NO POBRE','0604'),('060406','CUPISNIQUE','POBRE NO EXTREMO','0604'),('060407','TANTARICA','NO POBRE','0604'),('060408','YONAN','NO POBRE','0604'),('060409','SANTA CRUZ DE TOLED','POBRE NO EXTREMO','0604'),('060501','CUTERVO','NO POBRE','0605'),('060502','CALLAYUC','POBRE EXTREMO','0605'),('060503','CUJILLO','POBRE EXTREMO','0605'),('060504','CHOROS','NO POBRE','0605'),('060505','LA RAMADA','POBRE NO EXTREMO','0605'),('060506','PIMPINGOS','POBRE EXTREMO','0605'),('060507','QUEROCOTILLO','POBRE EXTREMO','0605'),('060508','SAN ANDRES DE CUTERVO','POBRE NO EXTREMO','0605'),('060509','SAN JUAN DE CUTERVO','POBRE EXTREMO','0605'),('060510','SAN LUIS DE LUCMA','POBRE NO EXTREMO','0605'),('060511','SANTA CRUZ','POBRE EXTREMO','0605'),('060512','SANTO DOMINGO DE LA CAPILLA','POBRE EXTREMO','0605'),('060513','SANTO TOMAS','POBRE EXTREMO','0605'),('060514','SOCOTA','NO POBRE','0605'),('060515','TORIBIO CASANOVA','POBRE NO EXTREMO','0605'),('060601','CHOTA','NO POBRE','0606'),('060602','ANGUIA','POBRE EXTREMO','0606'),('060603','COCHABAMBA','POBRE NO EXTREMO','0606'),('060604','CONCHAN','POBRE NO EXTREMO','0606'),('060605','CHADIN','POBRE EXTREMO','0606'),('060606','CHIGUIRIP','POBRE NO EXTREMO','0606'),('060607','CHIMBAN','POBRE EXTREMO','0606'),('060608','HUAMBOS','POBRE NO EXTREMO','0606'),('060609','LAJAS','NO POBRE','0606'),('060610','LLAMA','NO POBRE','0606'),('060611','MIRACOSTA','POBRE EXTREMO','0606'),('060612','PACCHA','POBRE EXTREMO','0606'),('060613','PION','POBRE EXTREMO','0606'),('060614','QUEROCOTO','POBRE EXTREMO','0606'),('060615','TACABAMBA','POBRE NO EXTREMO','0606'),('060616','TOCMOCHE','NO POBRE','0606'),('060617','SAN JUAN DE LICUPIS','POBRE EXTREMO','0606'),('060618','CHOROPAMPA','POBRE EXTREMO','0606'),('060619','CHALAMARCA','POBRE NO EXTREMO','0606'),('060701','BAMBAMARCA','POBRE NO EXTREMO','0607'),('060702','CHUGUR','NO POBRE','0607'),('060703','HUALGAYOC','POBRE EXTREMO','0607'),('060801','JAEN','NO POBRE','0608'),('060802','BELLAVISTA','NO POBRE','0608'),('060803','COLASAY','POBRE NO EXTREMO','0608'),('060804','CHONTALI','POBRE EXTREMO','0608'),('060805','POMAHUACA','POBRE NO EXTREMO','0608'),('060806','PUCARA','NO POBRE','0608'),('060807','SALLIQUE','POBRE EXTREMO','0608'),('060808','SAN FELIPE','POBRE EXTREMO','0608'),('060809','SAN JOSE DEL ALTO','POBRE NO EXTREMO','0608'),('060810','SANTA ROSA','POBRE NO EXTREMO','0608'),('060811','LAS PIRIAS','NO POBRE','0608'),('060812','HUABAL','POBRE NO EXTREMO','0608'),('060901','SANTA CRUZ','NO POBRE','0609'),('060902','CATACHE','NO POBRE','0609'),('060903','CHANCAYBAÑOS','POBRE NO EXTREMO','0609'),('060904','LA ESPERANZA','NO POBRE','0609'),('060905','NINABAMBA','NO POBRE','0609'),('060906','PULAN','POBRE NO EXTREMO','0609'),('060907','SEXI','POBRE EXTREMO','0609'),('060908','UTICYACU','POBRE NO EXTREMO','0609'),('060909','YAUYUCAN','POBRE EXTREMO','0609'),('060910','ANDABAMBA','POBRE NO EXTREMO','0609'),('060911','SAUCEPAMPA','POBRE NO EXTREMO','0609'),('061001','SAN MIGUEL','NO POBRE','0610'),('061002','CALQUIS','POBRE NO EXTREMO','0610'),('061003','LA FLORIDA','NO POBRE','0610'),('061004','LLAPA','NO POBRE','0610'),('061005','NANCHOC','NO POBRE','0610'),('061006','NIEPOS','POBRE EXTREMO','0610'),('061007','SAN GREGORIO','NO POBRE','0610'),('061008','SAN SILVESTRE DE COCHAN','NO POBRE','0610'),('061009','EL PRADO','NO POBRE','0610'),('061010','UNION AGUA BLANCA','POBRE NO EXTREMO','0610'),('061011','TONGOD','POBRE EXTREMO','0610'),('061012','CATILLUC','POBRE EXTREMO','0610'),('061013','BOLIVAR','NO POBRE','0610'),('061101','SAN IGNACIO','NO POBRE','0611'),('061102','CHIRINOS','POBRE EXTREMO','0611'),('061103','HUARANGO','NO POBRE','0611'),('061104','NAMBALLE','POBRE NO EXTREMO','0611'),('061105','LA COIPA','NO POBRE','0611'),('061106','SAN JOSE DE LOURDES','NO POBRE','0611'),('061107','TABACONAS','POBRE EXTREMO','0611'),('061201','PEDRO GALVEZ','NO POBRE','0612'),('061202','ICHOCAN','NO POBRE','0612'),('061203','GREGORIO PITA','POBRE EXTREMO','0612'),('061204','JOSE MANUEL QUIROZ','POBRE EXTREMO','0612'),('061205','EDUARDO VILLANUEVA','NO POBRE','0612'),('061206','JOSE SABOGAL','POBRE EXTREMO','0612'),('061207','CHANCAY','POBRE EXTREMO','0612'),('061301','SAN PABLO','POBRE EXTREMO','0613'),('061302','SAN BERNARDINO','POBRE NO EXTREMO','0613'),('061303','SAN LUIS','POBRE NO EXTREMO','0613'),('061304','TUMBADEN','POBRE EXTREMO','0613'),('070101','CUSCO','NO POBRE','0701'),('070102','CCORCA','POBRE EXTREMO','0701'),('070103','POROY','NO POBRE','0701'),('070104','SAN JERONIMO','NO POBRE','0701'),('070105','SAN SEBASTIAN','NO POBRE','0701'),('070106','SANTIAGO','NO POBRE','0701'),('070107','SAYLLA','NO POBRE','0701'),('070108','WANCHAQ','NO POBRE','0701'),('070201','ACOMAYO','POBRE EXTREMO','0702'),('070202','ACOPIA','POBRE EXTREMO','0702'),('070203','ACOS','POBRE EXTREMO','0702'),('070204','POMACANCHI','POBRE EXTREMO','0702'),('070205','RONDOCAN','POBRE EXTREMO','0702'),('070206','SANGARARA','POBRE EXTREMO','0702'),('070207','MOSOC LLACTA','POBRE EXTREMO','0702'),('070301','ANTA','POBRE NO EXTREMO','0703'),('070302','CHINCHAYPUJIO','POBRE EXTREMO','0703'),('070303','HUAROCONDO','POBRE NO EXTREMO','0703'),('070304','LIMATAMBO','NO POBRE','0703'),('070305','MOLLEPATA','NO POBRE','0703'),('070306','PUCYURA','NO POBRE','0703'),('070307','ZURITE','POBRE NO EXTREMO','0703'),('070308','CACHIMAYO','NO POBRE','0703'),('070309','ANCAHUASI','POBRE EXTREMO','0703'),('070401','CALCA','NO POBRE','0704'),('070402','COYA','POBRE EXTREMO','0704'),('070403','LAMAY','POBRE EXTREMO','0704'),('070404','LARES','POBRE EXTREMO','0704'),('070405','PISAC','NO POBRE','0704'),('070406','SAN SALVADOR','POBRE EXTREMO','0704'),('070407','TARAY','NO POBRE','0704'),('070408','YANATILE','NO POBRE','0704'),('070501','YANAOCA','POBRE EXTREMO','0705'),('070502','CHECCA','POBRE EXTREMO','0705'),('070503','KUNTURKANKI','POBRE EXTREMO','0705'),('070504','LANGUI','POBRE EXTREMO','0705'),('070505','LAYO','POBRE EXTREMO','0705'),('070506','PAMPAMARCA','POBRE EXTREMO','0705'),('070507','QUEHUE','POBRE EXTREMO','0705'),('070508','TUPAC AMARU','POBRE EXTREMO','0705'),('070601','SICUANI','NO POBRE','0706'),('070602','COMBAPATA','POBRE EXTREMO','0706'),('070603','CHECACUPE','POBRE EXTREMO','0706'),('070604','MARANGANI','POBRE NO EXTREMO','0706'),('070605','PITUMARCA','POBRE EXTREMO','0706'),('070606','SAN PABLO','POBRE NO EXTREMO','0706'),('070607','SAN PEDRO','POBRE NO EXTREMO','0706'),('070608','TINTA','POBRE NO EXTREMO','0706'),('070701','SANTO TOMAS','POBRE EXTREMO','0707'),('070702','CAPACMARCA','POBRE EXTREMO','0707'),('070703','COLQUEMARCA','POBRE EXTREMO','0707'),('070704','CHAMACA','POBRE EXTREMO','0707'),('070705','LIVITACA','POBRE EXTREMO','0707'),('070706','LLUSCO','POBRE EXTREMO','0707'),('070707','QUIÑOTA','POBRE EXTREMO','0707'),('070708','VELILLE','POBRE EXTREMO','0707'),('070801','ESPINAR','NO POBRE','0708'),('070802','CONDOROMA','NO POBRE','0708'),('070803','COPORAQUE','POBRE EXTREMO','0708'),('070804','OCORURO','NO POBRE','0708'),('070805','PALLPATA','POBRE EXTREMO','0708'),('070806','PICHIGUA','POBRE NO EXTREMO','0708'),('070807','SUYCKUTAMBO','POBRE EXTREMO','0708'),('070808','ALTO PICHIGUA','NO POBRE','0708'),('070901','SANTA ANA','NO POBRE','0709'),('070902','ECHARATE','NO POBRE','0709'),('070903','HUAYOPATA','NO POBRE','0709'),('070904','MARANURA','NO POBRE','0709'),('070905','OCOBAMBA','POBRE EXTREMO','0709'),('070906','SANTA TERESA','POBRE NO EXTREMO','0709'),('070907','VILCABAMBA','POBRE EXTREMO','0709'),('070908','QUELLOUNO','NO POBRE','0709'),('070909','KIMBIRI','POBRE EXTREMO','0709'),('070910','PICHARI','POBRE EXTREMO','0709'),('070911','INKAWASI','NO POBRE','0709'),('070912','VILLA VIRGEN','NO POBRE','0709'),('071001','PARURO','POBRE EXTREMO','0710'),('071002','ACCHA','POBRE EXTREMO','0710'),('071003','CCAPI','POBRE EXTREMO','0710'),('071004','COLCHA','POBRE EXTREMO','0710'),('071005','HUANOQUITE','POBRE EXTREMO','0710'),('071006','OMACHA','POBRE EXTREMO','0710'),('071007','YAURISQUE','POBRE EXTREMO','0710'),('071008','PACCARITAMBO','POBRE EXTREMO','0710'),('071009','PILLPINTO','POBRE EXTREMO','0710'),('071101','PAUCARTAMBO','POBRE EXTREMO','0711'),('071102','CAICAY','POBRE EXTREMO','0711'),('071103','COLQUEPATA','POBRE EXTREMO','0711'),('071104','CHALLABAMBA','POBRE EXTREMO','0711'),('071105','KOSÑIPATA','POBRE EXTREMO','0711'),('071106','HUANCARANI','POBRE EXTREMO','0711'),('071201','URCOS','POBRE EXTREMO','0712'),('071202','ANDAHUAYLILLAS','POBRE EXTREMO','0712'),('071203','CAMANTI','NO POBRE','0712'),('071204','CCARHUAYO','POBRE EXTREMO','0712'),('071205','CCATCA','POBRE EXTREMO','0712'),('071206','CUSIPATA','POBRE EXTREMO','0712'),('071207','HUARO','POBRE EXTREMO','0712'),('071208','LUCRE','POBRE NO EXTREMO','0712'),('071209','MARCAPATA','POBRE EXTREMO','0712'),('071210','OCONGATE','POBRE EXTREMO','0712'),('071211','OROPESA','NO POBRE','0712'),('071212','QUIQUIJANA','POBRE EXTREMO','0712'),('071301','URUBAMBA','NO POBRE','0713'),('071302','CHINCHERO','POBRE NO EXTREMO','0713'),('071303','HUAYLLABAMBA','NO POBRE','0713'),('071304','MACHUPICCHU','NO POBRE','0713'),('071305','MARAS','POBRE NO EXTREMO','0713'),('071306','OLLANTAYTAMBO','NO POBRE','0713'),('071307','YUCAY','NO POBRE','0713'),('080101','HUANCAVELICA','NO POBRE','0801'),('080102','ACOBAMBILLA','POBRE EXTREMO','0801'),('080103','ACORIA','POBRE EXTREMO','0801'),('080104','CONAYCA','POBRE EXTREMO','0801'),('080105','CUENCA','POBRE EXTREMO','0801'),('080106','HUACHOCOLPA','POBRE EXTREMO','0801'),('080108','HUAYLLAHUARA','POBRE EXTREMO','0801'),('080109','IZCUCHACA','POBRE EXTREMO','0801'),('080110','LARIA','POBRE EXTREMO','0801'),('080111','MANTA','POBRE EXTREMO','0801'),('080112','MARISCAL CACERES','POBRE EXTREMO','0801'),('080113','MOYA','POBRE EXTREMO','0801'),('080114','NUEVO OCCORO','POBRE EXTREMO','0801'),('080115','PALCA','POBRE EXTREMO','0801'),('080116','PILCHACA','POBRE EXTREMO','0801'),('080117','VILCA','POBRE EXTREMO','0801'),('080118','YAULI','POBRE EXTREMO','0801'),('080119','ASCENSION','NO POBRE','0801'),('080120','HUANDO','POBRE EXTREMO','0801'),('080201','ACOBAMBA','POBRE EXTREMO','0802'),('080202','ANTA','POBRE EXTREMO','0802'),('080203','ANDABAMBA','POBRE EXTREMO','0802'),('080204','CAJA','POBRE EXTREMO','0802'),('080205','MARCAS','POBRE EXTREMO','0802'),('080206','PAUCARA','POBRE EXTREMO','0802'),('080207','POMACOCHA','POBRE EXTREMO','0802'),('080208','ROSARIO','POBRE EXTREMO','0802'),('080301','LIRCAY','POBRE EXTREMO','0803'),('080302','ANCHONGA','POBRE EXTREMO','0803'),('080303','CALLANMARCA','POBRE EXTREMO','0803'),('080304','CONGALLA','POBRE EXTREMO','0803'),('080305','CHINCHO','POBRE EXTREMO','0803'),('080306','HUAYLLAY-GRANDE','POBRE EXTREMO','0803'),('080307','HUANCA-HUANCA','POBRE EXTREMO','0803'),('080308','JULCAMARCA','POBRE EXTREMO','0803'),('080309','SAN ANTONIO DE ANTAPARCO','POBRE EXTREMO','0803'),('080310','SANTO TOMAS DE PATA','POBRE EXTREMO','0803'),('080311','SECCLLA','POBRE EXTREMO','0803'),('080312','CCOCHACCASA','POBRE EXTREMO','0803'),('080401','CASTROVIRREYNA','POBRE EXTREMO','0804'),('080402','ARMA','POBRE EXTREMO','0804'),('080403','AURAHUA','POBRE EXTREMO','0804'),('080405','CAPILLAS','POBRE EXTREMO','0804'),('080406','COCAS','POBRE EXTREMO','0804'),('080408','CHUPAMARCA','POBRE EXTREMO','0804'),('080409','HUACHOS','POBRE EXTREMO','0804'),('080410','HUAMATAMBO','POBRE EXTREMO','0804'),('080414','MOLLEPAMPA','POBRE EXTREMO','0804'),('080422','SAN JUAN','POBRE EXTREMO','0804'),('080427','TANTARA','POBRE EXTREMO','0804'),('080428','TICRAPO','NO POBRE','0804'),('080429','SANTA ANA','POBRE EXTREMO','0804'),('080501','PAMPAS','POBRE EXTREMO','0805'),('080502','ACOSTAMBO','POBRE EXTREMO','0805'),('080503','ACRAQUIA','POBRE EXTREMO','0805'),('080504','AHUAYCHA','POBRE EXTREMO','0805'),('080506','COLCABAMBA','POBRE EXTREMO','0805'),('080509','DANIEL HERNANDEZ','POBRE EXTREMO','0805'),('080511','HUACHOCOLPA','POBRE EXTREMO','0805'),('080512','HUARIBAMBA','POBRE EXTREMO','0805'),('080515','ÑAHUIMPUQUIO','POBRE EXTREMO','0805'),('080517','PAZOS','POBRE EXTREMO','0805'),('080518','QUISHUAR','POBRE EXTREMO','0805'),('080519','SALCABAMBA','POBRE EXTREMO','0805'),('080520','SAN MARCOS DE ROCCHAC','POBRE EXTREMO','0805'),('080523','SURCUBAMBA','POBRE EXTREMO','0805'),('080525','TINTAY PUNCU','POBRE EXTREMO','0805'),('080526','SALCAHUASI','POBRE EXTREMO','0805'),('080528','QUICHUAS','POBRE NO EXTREMO','0805'),('080529','ANDAYMARCA','POBRE NO EXTREMO','0805'),('080601','AYAVI','POBRE EXTREMO','0806'),('080602','CORDOVA','POBRE EXTREMO','0806'),('080603','HUAYACUNDO ARMA','POBRE EXTREMO','0806'),('080604','HUAYTARA','NO POBRE','0806'),('080605','LARAMARCA','POBRE EXTREMO','0806'),('080606','OCOYO','POBRE EXTREMO','0806'),('080607','PILPICHACA','POBRE EXTREMO','0806'),('080608','QUERCO','POBRE EXTREMO','0806'),('080609','QUITO ARMA','POBRE EXTREMO','0806'),('080610','SAN ANTONIO DE CUSICANCHA','POBRE EXTREMO','0806'),('080611','SAN FRANCISCO DE SANGAYAICO','POBRE EXTREMO','0806'),('080612','SAN ISIDRO','POBRE EXTREMO','0806'),('080613','SANTIAGO DE CHOCORVOS','POBRE EXTREMO','0806'),('080614','SANTIAGO DE QUIRAHUARA','POBRE EXTREMO','0806'),('080615','SANTO DOMINGO DE CAPILLAS','POBRE EXTREMO','0806'),('080616','TAMBO','POBRE EXTREMO','0806'),('080701','CHURCAMPA','POBRE EXTREMO','0807'),('080702','ANCO','POBRE EXTREMO','0807'),('080703','CHINCHIHUASI','POBRE EXTREMO','0807'),('080704','EL CARMEN','POBRE EXTREMO','0807'),('080705','LA MERCED','POBRE EXTREMO','0807'),('080706','LOCROJA','POBRE EXTREMO','0807'),('080707','PAUCARBAMBA','POBRE EXTREMO','0807'),('080708','SAN MIGUEL DE MAYOCC','POBRE EXTREMO','0807'),('080709','SAN PEDRO DE CORIS','POBRE EXTREMO','0807'),('080710','PACHAMARCA','POBRE EXTREMO','0807'),('080711','COSME','POBRE EXTREMO','0807'),('090101','HUANUCO','NO POBRE','0901'),('090102','CHINCHAO','POBRE NO EXTREMO','0901'),('090103','CHURUBAMBA','POBRE EXTREMO','0901'),('090104','MARGOS','POBRE EXTREMO','0901'),('090105','QUISQUI','POBRE NO EXTREMO','0901'),('090106','SAN FRANCISCO DE CAYRAN','POBRE NO EXTREMO','0901'),('090107','SAN PEDRO DE CHAULAN','POBRE EXTREMO','0901'),('090108','SANTA MARIA DEL VALLE','POBRE EXTREMO','0901'),('090109','YARUMAYO','POBRE EXTREMO','0901'),('090110','AMARILIS','NO POBRE','0901'),('090111','PILLCO MARCA','NO POBRE','0901'),('090112','YACUS','POBRE EXTREMO','0901'),('090201','AMBO','NO POBRE','0902'),('090202','CAYNA','POBRE NO EXTREMO','0902'),('090203','COLPAS','POBRE NO EXTREMO','0902'),('090204','CONCHAMARCA','POBRE NO EXTREMO','0902'),('090205','HUACAR','POBRE NO EXTREMO','0902'),('090206','SAN FRANCISCO','POBRE NO EXTREMO','0902'),('090207','SAN RAFAEL','POBRE NO EXTREMO','0902'),('090208','TOMAY-KICHWA','NO POBRE','0902'),('090301','LA UNION','NO POBRE','0903'),('090307','CHUQUIS','POBRE EXTREMO','0903'),('090312','MARIAS','POBRE EXTREMO','0903'),('090314','PACHAS','POBRE NO EXTREMO','0903'),('090316','QUIVILLA','POBRE NO EXTREMO','0903'),('090317','RIPAN','POBRE EXTREMO','0903'),('090321','SHUNQUI','POBRE EXTREMO','0903'),('090322','SILLAPATA','POBRE EXTREMO','0903'),('090323','YANAS','POBRE EXTREMO','0903'),('090401','LLATA','POBRE NO EXTREMO','0904'),('090402','ARANCAY','POBRE NO EXTREMO','0904'),('090403','CHAVIN DE PARIARCA','POBRE NO EXTREMO','0904'),('090404','JACAS GRANDE','POBRE EXTREMO','0904'),('090405','JIRCAN','POBRE NO EXTREMO','0904'),('090406','MIRAFLORES','POBRE EXTREMO','0904'),('090407','MONZON','POBRE NO EXTREMO','0904'),('090408','PUNCHAO','POBRE EXTREMO','0904'),('090409','PUÑOS','POBRE EXTREMO','0904'),('090410','SINGA','POBRE EXTREMO','0904'),('090411','TANTAMAYO','POBRE EXTREMO','0904'),('090501','HUACRACHUCO','POBRE NO EXTREMO','0905'),('090502','CHOLON','NO POBRE','0905'),('090505','SAN BUENAVENTURA','POBRE EXTREMO','0905'),('090601','RUPA-RUPA','NO POBRE','0906'),('090602','DANIEL ALOMIA ROBLES','POBRE NO EXTREMO','0906'),('090603','HERMILIO VALDIZAN','POBRE NO EXTREMO','0906'),('090604','LUYANDO','NO POBRE','0906'),('090605','MARIANO DAMASO BERAUN','NO POBRE','0906'),('090606','JOSE CRESPO Y CASTILLO','NO POBRE','0906'),('090701','PANAO','POBRE EXTREMO','0907'),('090702','CHAGLLA','POBRE NO EXTREMO','0907'),('090704','MOLINO','POBRE EXTREMO','0907'),('090706','UMARI','POBRE EXTREMO','0907'),('090801','HONORIA','NO POBRE','0908'),('090802','PUERTO INCA','NO POBRE','0908'),('090803','CODO DEL POZUZO','NO POBRE','0908'),('090804','TOURNAVISTA','NO POBRE','0908'),('090805','YUYAPICHIS','NO POBRE','0908'),('090901','HUACAYBAMBA','POBRE EXTREMO','0909'),('090902','PINRA','POBRE NO EXTREMO','0909'),('090903','CANCHABAMBA','POBRE NO EXTREMO','0909'),('090904','COCHABAMBA','POBRE NO EXTREMO','0909'),('091001','JESUS','POBRE NO EXTREMO','0910'),('091002','BAÑOS','NO POBRE','0910'),('091003','SAN FRANCISCO DE ASIS','POBRE NO EXTREMO','0910'),('091004','QUEROPALCA','NO POBRE','0910'),('091005','SAN MIGUEL DE CAURI','POBRE NO EXTREMO','0910'),('091006','RONDOS','POBRE NO EXTREMO','0910'),('091007','JIVIA','POBRE NO EXTREMO','0910'),('091101','CHAVINILLO','POBRE EXTREMO','0911'),('091102','APARICIO POMARES','POBRE EXTREMO','0911'),('091103','CAHUAC','POBRE NO EXTREMO','0911'),('091104','CHACABAMBA','POBRE NO EXTREMO','0911'),('091105','JACAS CHICO','POBRE EXTREMO','0911'),('091106','OBAS','POBRE EXTREMO','0911'),('091107','PAMPAMARCA','POBRE EXTREMO','0911'),('091108','CHORAS','POBRE EXTREMO','0911'),('100101','ICA','NO POBRE','1001'),('100102','LA TINGUIÑA','NO POBRE','1001'),('100103','LOS AQUIJES','NO POBRE','1001'),('100104','PARCONA','NO POBRE','1001'),('100105','PUEBLO NUEVO','NO POBRE','1001'),('100106','SALAS','NO POBRE','1001'),('100107','SAN JOSE DE LOS MOLINOS','NO POBRE','1001'),('100108','SAN JUAN BAUTISTA','NO POBRE','1001'),('100109','SANTIAGO','NO POBRE','1001'),('100110','SUBTANJALLA','NO POBRE','1001'),('100111','YAUCA DEL ROSARIO','NO POBRE','1001'),('100112','TATE','NO POBRE','1001'),('100113','PACHACUTEC','NO POBRE','1001'),('100114','OCUCAJE','NO POBRE','1001'),('100201','CHINCHA ALTA','NO POBRE','1002'),('100202','CHAVIN','NO POBRE','1002'),('100203','CHINCHA BAJA','NO POBRE','1002'),('100204','EL CARMEN','NO POBRE','1002'),('100205','GROCIO PRADO','NO POBRE','1002'),('100206','SAN PEDRO DE HUACARPANA','NO POBRE','1002'),('100207','SUNAMPE','NO POBRE','1002'),('100208','TAMBO DE MORA','NO POBRE','1002'),('100209','ALTO LARAN','NO POBRE','1002'),('100210','PUEBLO NUEVO','NO POBRE','1002'),('100211','SAN JUAN DE YANAC','NO POBRE','1002'),('100301','NAZCA','NO POBRE','1003'),('100302','CHANGUILLO','NO POBRE','1003'),('100303','EL INGENIO','NO POBRE','1003'),('100304','MARCONA','NO POBRE','1003'),('100305','VISTA ALEGRE','NO POBRE','1003'),('100401','PISCO','NO POBRE','1004'),('100402','HUANCANO','NO POBRE','1004'),('100403','HUMAY','NO POBRE','1004'),('100404','INDEPENDENCIA','NO POBRE','1004'),('100405','PARACAS','NO POBRE','1004'),('100406','SAN ANDRES','NO POBRE','1004'),('100407','SAN CLEMENTE','NO POBRE','1004'),('100408','TUPAC AMARU INCA','NO POBRE','1004'),('100501','PALPA','NO POBRE','1005'),('100502','LLIPATA','NO POBRE','1005'),('100503','RIO GRANDE','NO POBRE','1005'),('100504','SANTA CRUZ','NO POBRE','1005'),('100505','TIBILLO','NO POBRE','1005'),('110101','HUANCAYO','NO POBRE','1101'),('110103','CARHUACALLANGA','NO POBRE','1101'),('110104','COLCA','NO POBRE','1101'),('110105','CULLHUAS','POBRE NO EXTREMO','1101'),('110106','CHACAPAMPA','NO POBRE','1101'),('110107','CHICCHE','POBRE NO EXTREMO','1101'),('110108','CHILCA','NO POBRE','1101'),('110109','CHONGOS ALTO','POBRE NO EXTREMO','1101'),('110112','CHUPURO','NO POBRE','1101'),('110113','EL TAMBO','NO POBRE','1101'),('110114','HUACRAPUQUIO','POBRE NO EXTREMO','1101'),('110116','HUALHUAS','NO POBRE','1101'),('110118','HUANCAN','POBRE NO EXTREMO','1101'),('110119','HUASICANCHA','NO POBRE','1101'),('110120','HUAYUCACHI','NO POBRE','1101'),('110121','INGENIO','NO POBRE','1101'),('110122','PARIAHUANCA','POBRE NO EXTREMO','1101'),('110123','PILCOMAYO','NO POBRE','1101'),('110124','PUCARA','NO POBRE','1101'),('110125','QUICHUAY','NO POBRE','1101'),('110126','QUILCAS','POBRE NO EXTREMO','1101'),('110127','SAN AGUSTIN','NO POBRE','1101'),('110128','SAN JERONIMO DE TUNAN','NO POBRE','1101'),('110131','SANTO DOMINGO DE ACOBAMBA','POBRE NO EXTREMO','1101'),('110132','SAÑO','NO POBRE','1101'),('110133','SAPALLANGA','NO POBRE','1101'),('110134','SICAYA','NO POBRE','1101'),('110136','VIQUES','POBRE NO EXTREMO','1101'),('110201','CONCEPCION','NO POBRE','1102'),('110202','ACO','POBRE NO EXTREMO','1102'),('110203','ANDAMARCA','POBRE NO EXTREMO','1102'),('110204','COMAS','POBRE EXTREMO','1102'),('110205','COCHAS','POBRE NO EXTREMO','1102'),('110206','CHAMBARA','POBRE EXTREMO','1102'),('110207','HEROINAS TOLEDO','POBRE EXTREMO','1102'),('110208','MANZANARES','NO POBRE','1102'),('110209','MARISCAL CASTILLA','POBRE EXTREMO','1102'),('110210','MATAHUASI','NO POBRE','1102'),('110211','MITO','NO POBRE','1102'),('110212','NUEVE DE JULIO','NO POBRE','1102'),('110213','ORCOTUNA','POBRE NO EXTREMO','1102'),('110214','SANTA ROSA DE OCOPA','NO POBRE','1102'),('110215','SAN JOSE DE QUERO','POBRE NO EXTREMO','1102'),('110301','JAUJA','NO POBRE','1103'),('110302','ACOLLA','POBRE NO EXTREMO','1103'),('110303','APATA','NO POBRE','1103'),('110304','ATAURA','NO POBRE','1103'),('110305','CANCHAYLLO','POBRE EXTREMO','1103'),('110306','EL MANTARO','NO POBRE','1103'),('110307','HUAMALI','NO POBRE','1103'),('110308','HUARIPAMPA','NO POBRE','1103'),('110309','HUERTAS','NO POBRE','1103'),('110310','JANJAILLO','POBRE EXTREMO','1103'),('110311','JULCAN','NO POBRE','1103'),('110312','LEONOR ORDOÑEZ','NO POBRE','1103'),('110313','LLOCLLAPAMPA','NO POBRE','1103'),('110314','MARCO','POBRE NO EXTREMO','1103'),('110315','MASMA','NO POBRE','1103'),('110316','MOLINOS','NO POBRE','1103'),('110317','MONOBAMBA','NO POBRE','1103'),('110318','MUQUI','NO POBRE','1103'),('110319','MUQUIYAUYO','NO POBRE','1103'),('110320','PACA','NO POBRE','1103'),('110321','PACCHA','POBRE EXTREMO','1103'),('110322','PANCAN','NO POBRE','1103'),('110323','PARCO','NO POBRE','1103'),('110324','POMACANCHA','POBRE NO EXTREMO','1103'),('110325','RICRAN','POBRE NO EXTREMO','1103'),('110326','SAN LORENZO','NO POBRE','1103'),('110327','SAN PEDRO DE CHUNAN','NO POBRE','1103'),('110328','SINCOS','NO POBRE','1103'),('110329','TUNAN MARCA','POBRE NO EXTREMO','1103'),('110330','YAULI','NO POBRE','1103'),('110331','CURICACA','NO POBRE','1103'),('110332','MASMA CHICCHE','POBRE NO EXTREMO','1103'),('110333','SAUSA','NO POBRE','1103'),('110334','YAUYOS','NO POBRE','1103'),('110401','JUNIN','NO POBRE','1104'),('110402','CARHUAMAYO','POBRE NO EXTREMO','1104'),('110403','ONDORES','NO POBRE','1104'),('110404','ULCUMAYO','POBRE NO EXTREMO','1104'),('110501','TARMA','NO POBRE','1105'),('110502','ACOBAMBA','NO POBRE','1105'),('110503','HUARICOLCA','NO POBRE','1105'),('110504','HUASAHUASI','POBRE NO EXTREMO','1105'),('110505','LA UNION','NO POBRE','1105'),('110506','PALCA','NO POBRE','1105'),('110507','PALCAMAYO','POBRE NO EXTREMO','1105'),('110508','SAN PEDRO DE CAJAS','POBRE NO EXTREMO','1105'),('110509','TAPO','POBRE NO EXTREMO','1105'),('110601','LA OROYA','NO POBRE','1106'),('110602','CHACAPALPA','NO POBRE','1106'),('110603','HUAY HUAY','NO POBRE','1106'),('110604','MARCAPOMACOCHA','NO POBRE','1106'),('110605','MOROCOCHA','NO POBRE','1106'),('110606','PACCHA','NO POBRE','1106'),('110607','SANTA BARBARA DE CARHUACAYAN','NO POBRE','1106'),('110608','SUITUCANCHA','NO POBRE','1106'),('110609','YAULI','NO POBRE','1106'),('110610','SANTA ROSA DE SACCO','NO POBRE','1106'),('110701','SATIPO','NO POBRE','1107'),('110702','COVIRIALI','NO POBRE','1107'),('110703','LLAYLLA','POBRE EXTREMO','1107'),('110704','MAZAMARI','POBRE NO EXTREMO','1107'),('110705','PAMPA HERMOSA','POBRE NO EXTREMO','1107'),('110706','PANGOA','POBRE NO EXTREMO','1107'),('110707','RIO NEGRO','POBRE NO EXTREMO','1107'),('110708','RIO TAMBO','POBRE NO EXTREMO','1107'),('110801','CHANCHAMAYO','NO POBRE','1108'),('110802','SAN RAMON','NO POBRE','1108'),('110803','VITOC','NO POBRE','1108'),('110804','SAN LUIS DE SHUARO','NO POBRE','1108'),('110805','PICHANAQUI','NO POBRE','1108'),('110806','PERENE','NO POBRE','1108'),('110901','CHUPACA','NO POBRE','1109'),('110902','AHUAC','NO POBRE','1109'),('110903','CHONGOS BAJO','NO POBRE','1109'),('110904','HUACHAC','NO POBRE','1109'),('110905','HUAMANCACA CHICO','NO POBRE','1109'),('110906','SAN JUAN DE YSCOS','POBRE NO EXTREMO','1109'),('110907','SAN JUAN DE JARPA','POBRE EXTREMO','1109'),('110908','TRES DE DICIEMBRE','NO POBRE','1109'),('110909','YANACANCHA','POBRE EXTREMO','1109'),('120101','TRUJILLO','NO POBRE','1201'),('120102','HUANCHACO','NO POBRE','1201'),('120103','LAREDO','NO POBRE','1201'),('120104','MOCHE','NO POBRE','1201'),('120105','SALAVERRY','NO POBRE','1201'),('120106','SIMBAL','NO POBRE','1201'),('120107','VICTOR LARCO HERRERA','NO POBRE','1201'),('120109','POROTO','NO POBRE','1201'),('120110','EL PORVENIR','NO POBRE','1201'),('120111','LA ESPERANZA','NO POBRE','1201'),('120112','FLORENCIA DE MORA','NO POBRE','1201'),('120201','BOLIVAR','POBRE NO EXTREMO','1202'),('120202','BAMBAMARCA','POBRE EXTREMO','1202'),('120203','CONDORMARCA','POBRE EXTREMO','1202'),('120204','LONGOTEA','NO POBRE','1202'),('120205','UCUNCHA','POBRE EXTREMO','1202'),('120206','UCHUMARCA','POBRE NO EXTREMO','1202'),('120301','HUAMACHUCO','POBRE NO EXTREMO','1203'),('120302','COCHORCO','POBRE EXTREMO','1203'),('120303','CURGOS','POBRE EXTREMO','1203'),('120304','CHUGAY','POBRE EXTREMO','1203'),('120305','MARCABAL','POBRE EXTREMO','1203'),('120306','SANAGORAN','POBRE EXTREMO','1203'),('120307','SARIN','POBRE EXTREMO','1203'),('120308','SARTIMBAMBA','POBRE EXTREMO','1203'),('120401','OTUZCO','NO POBRE','1204'),('120402','AGALLPAMPA','POBRE NO EXTREMO','1204'),('120403','CHARAT','POBRE NO EXTREMO','1204'),('120404','HUARANCHAL','POBRE NO EXTREMO','1204'),('120405','LA CUESTA','NO POBRE','1204'),('120408','PARANDAY','POBRE NO EXTREMO','1204'),('120409','SALPO','NO POBRE','1204'),('120410','SINSICAP','POBRE EXTREMO','1204'),('120411','USQUIL','POBRE NO EXTREMO','1204'),('120413','MACHE','POBRE NO EXTREMO','1204'),('120501','SAN PEDRO DE LLOC','NO POBRE','1205'),('120503','GUADALUPE','NO POBRE','1205'),('120504','JEQUETEPEQUE','NO POBRE','1205'),('120506','PACASMAYO','NO POBRE','1205'),('120508','SAN JOSE','NO POBRE','1205'),('120601','TAYABAMBA','POBRE NO EXTREMO','1206'),('120602','BULDIBUYO','POBRE NO EXTREMO','1206'),('120603','CHILLIA','POBRE EXTREMO','1206'),('120604','HUAYLILLAS','POBRE NO EXTREMO','1206'),('120605','HUANCASPATA','POBRE NO EXTREMO','1206'),('120606','HUAYO','POBRE EXTREMO','1206'),('120607','ONGON','POBRE EXTREMO','1206'),('120608','PARCOY','POBRE NO EXTREMO','1206'),('120609','PATAZ','NO POBRE','1206'),('120610','PIAS','NO POBRE','1206'),('120611','TAURIJA','POBRE NO EXTREMO','1206'),('120612','URPAY','POBRE NO EXTREMO','1206'),('120613','SANTIAGO DE CHALLAS','POBRE NO EXTREMO','1206'),('120701','SANTIAGO DE CHUCO','NO POBRE','1207'),('120702','CACHICADAN','NO POBRE','1207'),('120703','MOLLEBAMBA','NO POBRE','1207'),('120704','MOLLEPATA','NO POBRE','1207'),('120705','QUIRUVILCA','NO POBRE','1207'),('120706','SANTA CRUZ DE CHUCA','POBRE NO EXTREMO','1207'),('120707','SITABAMBA','POBRE EXTREMO','1207'),('120708','ANGASMARCA','POBRE NO EXTREMO','1207'),('120801','ASCOPE','NO POBRE','1208'),('120802','CHICAMA','NO POBRE','1208'),('120803','CHOCOPE','NO POBRE','1208'),('120804','SANTIAGO DE CAO','NO POBRE','1208'),('120805','MAGDALENA DE CAO','NO POBRE','1208'),('120806','PAIJAN','NO POBRE','1208'),('120807','RAZURI','NO POBRE','1208'),('120808','CASA GRANDE','NO POBRE','1208'),('120901','CHEPEN','NO POBRE','1209'),('120902','PACANGA','NO POBRE','1209'),('120903','PUEBLO NUEVO','NO POBRE','1209'),('121001','JULCAN','POBRE NO EXTREMO','1210'),('121002','CARABAMBA','POBRE NO EXTREMO','1210'),('121003','CALAMARCA','POBRE NO EXTREMO','1210'),('121004','HUASO','POBRE NO EXTREMO','1210'),('121101','CASCAS','NO POBRE','1211'),('121102','LUCMA','POBRE NO EXTREMO','1211'),('121103','MARMOT','POBRE NO EXTREMO','1211'),('121104','SAYAPULLO','POBRE NO EXTREMO','1211'),('121201','VIRU','NO POBRE','1212'),('121202','CHAO','NO POBRE','1212'),('121203','GUADALUPITO','NO POBRE','1212'),('130101','CHICLAYO','NO POBRE','1301'),('130102','CHONGOYAPE','NO POBRE','1301'),('130103','ETEN','NO POBRE','1301'),('130104','ETEN PUERTO','NO POBRE','1301'),('130105','LAGUNAS','NO POBRE','1301'),('130106','MONSEFU','NO POBRE','1301'),('130107','NUEVA ARICA','NO POBRE','1301'),('130108','OYOTUN','NO POBRE','1301'),('130109','PICSI','NO POBRE','1301'),('130110','PIMENTEL','NO POBRE','1301'),('130111','REQUE','NO POBRE','1301'),('130112','JOSE LEONARDO ORTIZ','NO POBRE','1301'),('130113','SANTA ROSA','NO POBRE','1301'),('130114','SAÑA','NO POBRE','1301'),('130115','LA VICTORIA','NO POBRE','1301'),('130116','CAYALTI','NO POBRE','1301'),('130117','PATAPO','NO POBRE','1301'),('130118','POMALCA','NO POBRE','1301'),('130119','PUCALA','NO POBRE','1301'),('130120','TUMAN','NO POBRE','1301'),('130201','FERREÑAFE','NO POBRE','1302'),('130202','INCAHUASI','POBRE EXTREMO','1302'),('130203','CAÑARIS','POBRE EXTREMO','1302'),('130204','PITIPO','NO POBRE','1302'),('130205','PUEBLO NUEVO','NO POBRE','1302'),('130206','MANUEL ANTONIO MESONES MURO','NO POBRE','1302'),('130301','LAMBAYEQUE','NO POBRE','1303'),('130302','CHOCHOPE','NO POBRE','1303'),('130303','ILLIMO','NO POBRE','1303'),('130304','JAYANCA','NO POBRE','1303'),('130305','MOCHUMI','POBRE NO EXTREMO','1303'),('130306','MORROPE','POBRE NO EXTREMO','1303'),('130307','MOTUPE','NO POBRE','1303'),('130308','OLMOS','POBRE NO EXTREMO','1303'),('130309','PACORA','NO POBRE','1303'),('130310','SALAS','POBRE NO EXTREMO','1303'),('130311','SAN JOSE','NO POBRE','1303'),('130312','TUCUME','POBRE NO EXTREMO','1303'),('140101','LIMA','NO POBRE','1401'),('140102','ANCON','NO POBRE','1401'),('140103','ATE','NO POBRE','1401'),('140104','BREÑA','NO POBRE','1401'),('140105','CARABAYLLO','NO POBRE','1401'),('140106','COMAS','NO POBRE','1401'),('140107','CHACLACAYO','NO POBRE','1401'),('140108','CHORRILLOS','NO POBRE','1401'),('140109','LA VICTORIA','NO POBRE','1401'),('140110','LA MOLINA','NO POBRE','1401'),('140111','LINCE','NO POBRE','1401'),('140112','LURIGANCHO','NO POBRE','1401'),('140113','LURIN','NO POBRE','1401'),('140114','MAGDALENA DEL MAR','NO POBRE','1401'),('140115','MIRAFLORES','NO POBRE','1401'),('140116','PACHACAMAC','NO POBRE','1401'),('140117','PUEBLO LIBRE','NO POBRE','1401'),('140118','PUCUSANA','NO POBRE','1401'),('140119','PUENTE PIEDRA','NO POBRE','1401'),('140120','PUNTA HERMOSA','NO POBRE','1401'),('140121','PUNTA NEGRA','NO POBRE','1401'),('140122','RIMAC','NO POBRE','1401'),('140123','SAN BARTOLO','NO POBRE','1401'),('140124','SAN ISIDRO','NO POBRE','1401'),('140125','BARRANCO','NO POBRE','1401'),('140126','SAN MARTIN DE PORRES','NO POBRE','1401'),('140127','SAN MIGUEL','NO POBRE','1401'),('140128','SANTA MARIA DEL MAR','NO POBRE','1401'),('140129','SANTA ROSA','NO POBRE','1401'),('140130','SANTIAGO DE SURCO','NO POBRE','1401'),('140131','SURQUILLO','NO POBRE','1401'),('140132','VILLA MARIA DEL TRIUNFO','NO POBRE','1401'),('140133','JESUS MARIA','NO POBRE','1401'),('140134','INDEPENDENCIA','NO POBRE','1401'),('140135','EL AGUSTINO','NO POBRE','1401'),('140136','SAN JUAN DE MIRAFLORES','NO POBRE','1401'),('140137','SAN JUAN DE LURIGANCHO','NO POBRE','1401'),('140138','SAN LUIS','NO POBRE','1401'),('140139','CIENEGUILLA','NO POBRE','1401'),('140140','SAN BORJA','NO POBRE','1401'),('140141','VILLA EL SALVADOR','NO POBRE','1401'),('140142','LOS OLIVOS','NO POBRE','1401'),('140143','SANTA ANITA','NO POBRE','1401'),('140201','CAJATAMBO','NO POBRE','1402'),('140205','COPA','POBRE EXTREMO','1402'),('140206','GORGOR','POBRE EXTREMO','1402'),('140207','HUANCAPON','NO POBRE','1402'),('140208','MANAS','NO POBRE','1402'),('140301','CANTA','NO POBRE','1403'),('140302','ARAHUAY','NO POBRE','1403'),('140303','HUAMANTANGA','NO POBRE','1403'),('140304','HUAROS','NO POBRE','1403'),('140305','LACHAQUI','NO POBRE','1403'),('140306','SAN BUENAVENTURA','NO POBRE','1403'),('140307','SANTA ROSA DE QUIVES','NO POBRE','1403'),('140401','SAN VICENTE DE CAÑETE','NO POBRE','1404'),('140402','CALANGO','NO POBRE','1404'),('140403','CERRO AZUL','NO POBRE','1404'),('140404','COAYLLO','NO POBRE','1404'),('140405','CHILCA','NO POBRE','1404'),('140406','IMPERIAL','NO POBRE','1404'),('140407','LUNAHUANA','NO POBRE','1404'),('140408','MALA','NO POBRE','1404'),('140409','NUEVO IMPERIAL','NO POBRE','1404'),('140410','PACARAN','NO POBRE','1404'),('140411','QUILMANA','NO POBRE','1404'),('140412','SAN ANTONIO','NO POBRE','1404'),('140413','SAN LUIS','NO POBRE','1404'),('140414','SANTA CRUZ DE FLORES','NO POBRE','1404'),('140415','ZUÑIGA','NO POBRE','1404'),('140416','ASIA','NO POBRE','1404'),('140501','HUACHO','NO POBRE','1405'),('140502','AMBAR','NO POBRE','1405'),('140504','CALETA DE CARQUIN','NO POBRE','1405'),('140505','CHECRAS','POBRE EXTREMO','1405'),('140506','HUALMAY','NO POBRE','1405'),('140507','HUAURA','NO POBRE','1405'),('140508','LEONCIO PRADO','POBRE EXTREMO','1405'),('140509','PACCHO','NO POBRE','1405'),('140511','SANTA LEONOR','NO POBRE','1405'),('140512','SANTA MARIA','NO POBRE','1405'),('140513','SAYAN','NO POBRE','1405'),('140516','VEGUETA','NO POBRE','1405'),('140601','MATUCANA','NO POBRE','1406'),('140602','ANTIOQUIA','POBRE EXTREMO','1406'),('140603','CALLAHUANCA','NO POBRE','1406'),('140604','CARAMPOMA','NO POBRE','1406'),('140605','CASTA','NO POBRE','1406'),('140606','SAN JOSE DE LOS CHORRILLOS','POBRE EXTREMO','1406'),('140607','CHICLA','NO POBRE','1406'),('140608','HUANZA','NO POBRE','1406'),('140609','HUAROCHIRI','POBRE EXTREMO','1406'),('140610','LAHUAYTAMBO','POBRE EXTREMO','1406'),('140611','LANGA','POBRE EXTREMO','1406'),('140612','MARIATANA','POBRE EXTREMO','1406'),('140613','RICARDO PALMA','NO POBRE','1406'),('140614','SAN ANDRES DE TUPICOCHA','NO POBRE','1406'),('140615','SAN ANTONIO','NO POBRE','1406'),('140616','SAN BARTOLOME','NO POBRE','1406'),('140617','SAN DAMIAN','NO POBRE','1406'),('140618','SANGALLAYA','POBRE EXTREMO','1406'),('140619','SAN JUAN DE TANTARANCHE','POBRE EXTREMO','1406'),('140620','SAN LORENZO DE QUINTI','POBRE EXTREMO','1406'),('140621','SAN MATEO','NO POBRE','1406'),('140622','SAN MATEO DE OTAO','NO POBRE','1406'),('140623','SAN PEDRO DE HUANCAYRE','POBRE EXTREMO','1406'),('140624','SANTA CRUZ DE COCACHACRA','NO POBRE','1406'),('140625','SANTA EULALIA','NO POBRE','1406'),('140626','SANTIAGO DE ANCHUCAYA','POBRE EXTREMO','1406'),('140627','SANTIAGO DE TUNA','NO POBRE','1406'),('140628','SANTO DOMINGO DE LOS OLLEROS','POBRE EXTREMO','1406'),('140629','SURCO','NO POBRE','1406'),('140630','HUACHUPAMPA','NO POBRE','1406'),('140631','LARAOS','NO POBRE','1406'),('140632','SAN JUAN DE IRIS','NO POBRE','1406'),('140701','YAUYOS','NO POBRE','1407'),('140702','ALIS','NO POBRE','1407'),('140703','ALLAUCA','NO POBRE','1407'),('140704','AYAVIRI','POBRE EXTREMO','1407'),('140705','AZANGARO','POBRE EXTREMO','1407'),('140706','CACRA','NO POBRE','1407'),('140707','CARANIA','POBRE EXTREMO','1407'),('140708','COCHAS','POBRE EXTREMO','1407'),('140709','COLONIA','NO POBRE','1407'),('140710','CHOCOS','POBRE EXTREMO','1407'),('140711','HUAMPARA','NO POBRE','1407'),('140712','HUANCAYA','NO POBRE','1407'),('140713','HUANGASCAR','POBRE EXTREMO','1407'),('140714','HUANTAN','NO POBRE','1407'),('140715','HUAÑEC','POBRE EXTREMO','1407'),('140716','LARAOS','NO POBRE','1407'),('140717','LINCHA','POBRE EXTREMO','1407'),('140718','MIRAFLORES','NO POBRE','1407'),('140719','OMAS','POBRE EXTREMO','1407'),('140720','QUINCHES','POBRE EXTREMO','1407'),('140721','QUINOCAY','POBRE EXTREMO','1407'),('140722','SAN JOAQUIN','POBRE EXTREMO','1407'),('140723','SAN PEDRO DE PILAS','POBRE EXTREMO','1407'),('140724','TANTA','POBRE EXTREMO','1407'),('140725','TAURIPAMPA','POBRE EXTREMO','1407'),('140726','TUPE','POBRE EXTREMO','1407'),('140727','TOMAS','NO POBRE','1407'),('140728','VIÑAC','POBRE EXTREMO','1407'),('140729','VITIS','NO POBRE','1407'),('140730','HONGOS','POBRE EXTREMO','1407'),('140731','MADEAN','POBRE EXTREMO','1407'),('140732','PUTINZA','NO POBRE','1407'),('140733','CATAHUASI','NO POBRE','1407'),('140801','HUARAL','NO POBRE','1408'),('140802','ATAVILLOS ALTO','NO POBRE','1408'),('140803','ATAVILLOS BAJO','NO POBRE','1408'),('140804','AUCALLAMA','NO POBRE','1408'),('140805','CHANCAY','NO POBRE','1408'),('140806','IHUARI','POBRE EXTREMO','1408'),('140807','LAMPIAN','NO POBRE','1408'),('140808','PACARAOS','NO POBRE','1408'),('140809','SAN MIGUEL DE ACOS','NO POBRE','1408'),('140810','VEINTISIETE DE NOVIEMBRE','NO POBRE','1408'),('140811','SANTA CRUZ DE ANDAMARCA','NO POBRE','1408'),('140812','SUMBILCA','NO POBRE','1408'),('140901','BARRANCA','NO POBRE','1409'),('140902','PARAMONGA','NO POBRE','1409'),('140903','PATIVILCA','NO POBRE','1409'),('140904','SUPE','NO POBRE','1409'),('140905','SUPE PUERTO','NO POBRE','1409'),('141001','OYON','NO POBRE','1410'),('141002','NAVAN','NO POBRE','1410'),('141003','CAUJUL','NO POBRE','1410'),('141004','ANDAJES','NO POBRE','1410'),('141005','PACHANGARA','NO POBRE','1410'),('141006','COCHAMARCA','NO POBRE','1410'),('150101','IQUITOS','NO POBRE','1501'),('150102','ALTO NANAY','POBRE NO EXTREMO','1501'),('150103','FERNANDO LORES','NO POBRE','1501'),('150104','LAS AMAZONAS','POBRE NO EXTREMO','1501'),('150105','MAZAN','POBRE NO EXTREMO','1501'),('150106','NAPO','POBRE EXTREMO','1501'),('150107','PUTUMAYO','POBRE NO EXTREMO','1501'),('150108','TORRES CAUSANA','POBRE EXTREMO','1501'),('150110','INDIANA','POBRE NO EXTREMO','1501'),('150111','PUNCHANA','NO POBRE','1501'),('150112','BELEN','NO POBRE','1501'),('150113','SAN JUAN BAUTISTA','NO POBRE','1501'),('150114','TNTE MANUEL CLAVERO','POBRE EXTREMO','1501'),('150201','YURIMAGUAS','NO POBRE','1502'),('150202','BALSAPUERTO','POBRE EXTREMO','1502'),('150205','JEBEROS','POBRE EXTREMO','1502'),('150206','LAGUNAS','POBRE EXTREMO','1502'),('150210','SANTA CRUZ','POBRE NO EXTREMO','1502'),('150211','TENIENTE CESAR LOPEZ ROJAS','POBRE EXTREMO','1502'),('150301','NAUTA','NO POBRE','1503'),('150302','PARINARI','POBRE EXTREMO','1503'),('150303','TIGRE','POBRE NO EXTREMO','1503'),('150304','URARINAS','POBRE EXTREMO','1503'),('150305','TROMPETEROS','POBRE EXTREMO','1503'),('150401','REQUENA','NO POBRE','1504'),('150402','ALTO TAPICHE','POBRE NO EXTREMO','1504'),('150403','CAPELO','POBRE EXTREMO','1504'),('150404','EMILIO SAN MARTIN','POBRE EXTREMO','1504'),('150405','MAQUIA','POBRE NO EXTREMO','1504'),('150406','PUINAHUA','NO POBRE','1504'),('150407','SAQUENA','NO POBRE','1504'),('150408','SOPLIN','NO POBRE','1504'),('150409','TAPICHE','NO POBRE','1504'),('150410','JENARO HERRERA','POBRE NO EXTREMO','1504'),('150411','YAQUERANA','POBRE EXTREMO','1504'),('150501','CONTAMANA','NO POBRE','1505'),('150502','VARGAS GUERRA','POBRE NO EXTREMO','1505'),('150503','PADRE MARQUEZ','POBRE NO EXTREMO','1505'),('150504','PAMPA HERMOSA','POBRE NO EXTREMO','1505'),('150505','SARAYACU','POBRE NO EXTREMO','1505'),('150506','INAHUAYA','NO POBRE','1505'),('150601','MARISCAL RAMON CASTILLA','NO POBRE','1506'),('150602','PEBAS','POBRE NO EXTREMO','1506'),('150603','YAVARI','NO POBRE','1506'),('150604','SAN PABLO','POBRE NO EXTREMO','1506'),('150701','BARRANCA','POBRE NO EXTREMO','1507'),('150702','ANDOAS','POBRE EXTREMO','1507'),('150703','CAHUAPANAS','POBRE EXTREMO','1507'),('150704','MANSERICHE','POBRE EXTREMO','1507'),('150705','MORONA','POBRE EXTREMO','1507'),('150706','PASTAZA','POBRE EXTREMO','1507'),('150902','ROSA PANDURO','NO POBRE','1509'),('150904','YAGUAS','NO POBRE','1509'),('160101','TAMBOPATA','NO POBRE','1601'),('160102','INAMBARI','NO POBRE','1601'),('160103','LAS PIEDRAS','NO POBRE','1601'),('160104','LABERINTO','NO POBRE','1601'),('160201','MANU','NO POBRE','1602'),('160202','FITZCARRALD','NO POBRE','1602'),('160203','MADRE DE DIOS','NO POBRE','1602'),('160204','HUEPETUHE','NO POBRE','1602'),('160301','IÑAPARI','NO POBRE','1603'),('160302','IBERIA','NO POBRE','1603'),('160303','TAHUAMANU','NO POBRE','1603'),('170101','MOQUEGUA','NO POBRE','1701'),('170102','CARUMAS','NO POBRE','1701'),('170103','CUCHUMBAYA','NO POBRE','1701'),('170104','SAN CRISTOBAL','NO POBRE','1701'),('170105','TORATA','NO POBRE','1701'),('170106','SAMEGUA','NO POBRE','1701'),('170201','OMATE','NO POBRE','1702'),('170202','COALAQUE','NO POBRE','1702'),('170203','CHOJATA','POBRE EXTREMO','1702'),('170204','ICHUÑA','NO POBRE','1702'),('170205','LA CAPILLA','NO POBRE','1702'),('170206','LLOQUE','NO POBRE','1702'),('170207','MATALAQUE','NO POBRE','1702'),('170208','PUQUINA','NO POBRE','1702'),('170209','QUINISTAQUILLAS','NO POBRE','1702'),('170210','UBINAS','NO POBRE','1702'),('170211','YUNGA','NO POBRE','1702'),('170301','ILO','NO POBRE','1703'),('170302','EL ALGARROBAL','NO POBRE','1703'),('170303','PACOCHA','NO POBRE','1703'),('180101','CHAUPIMARCA','NO POBRE','1801'),('180103','HUACHON','POBRE NO EXTREMO','1801'),('180104','HUARIACA','POBRE NO EXTREMO','1801'),('180105','HUAYLLAY','NO POBRE','1801'),('180106','NINACACA','POBRE EXTREMO','1801'),('180107','PALLANCHACRA','POBRE EXTREMO','1801'),('180108','PAUCARTAMBO','POBRE EXTREMO','1801'),('180109','SAN FCO DE ASIS DE YARUSYACAN','POBRE EXTREMO','1801'),('180110','SIMON BOLIVAR','NO POBRE','1801'),('180111','TICLACAYAN','POBRE EXTREMO','1801'),('180112','TINYAHUARCO','NO POBRE','1801'),('180113','VICCO','POBRE EXTREMO','1801'),('180114','YANACANCHA','NO POBRE','1801'),('180201','YANAHUANCA','POBRE EXTREMO','1802'),('180202','CHACAYAN','POBRE EXTREMO','1802'),('180203','GOYLLARISQUIZGA','POBRE EXTREMO','1802'),('180204','PAUCAR','POBRE EXTREMO','1802'),('180205','SAN PEDRO DE PILLAO','POBRE EXTREMO','1802'),('180206','SANTA ANA DE TUSI','POBRE EXTREMO','1802'),('180207','TAPUC','POBRE EXTREMO','1802'),('180208','VILCABAMBA','POBRE EXTREMO','1802'),('180301','OXAPAMPA','NO POBRE','1803'),('180302','CHONTABAMBA','NO POBRE','1803'),('180303','HUANCABAMBA','NO POBRE','1803'),('180304','PUERTO BERMUDEZ','POBRE EXTREMO','1803'),('180305','VILLA RICA','NO POBRE','1803'),('180306','POZUZO','NO POBRE','1803'),('180307','PALCAZU','POBRE EXTREMO','1803'),('180308','CONSTITUCIÓN','POBRE EXTREMO','1803'),('190101','PIURA','NO POBRE','1901'),('190103','CASTILLA','NO POBRE','1901'),('190104','CATACAOS','NO POBRE','1901'),('190105','LA ARENA','POBRE NO EXTREMO','1901'),('190106','LA UNION','POBRE NO EXTREMO','1901'),('190107','LAS LOMAS','POBRE NO EXTREMO','1901'),('190109','TAMBO GRANDE','POBRE NO EXTREMO','1901'),('190113','CURA MORI','POBRE NO EXTREMO','1901'),('190114','EL TALLAN','POBRE NO EXTREMO','1901'),('190115','26 DE October','NO POBRE','1901'),('190201','AYABACA','POBRE EXTREMO','1902'),('190202','FRIAS','POBRE EXTREMO','1902'),('190203','LAGUNAS','POBRE EXTREMO','1902'),('190204','MONTERO','POBRE NO EXTREMO','1902'),('190205','PACAIPAMPA','POBRE EXTREMO','1902'),('190206','SAPILLICA','POBRE EXTREMO','1902'),('190207','SICCHEZ','NO POBRE','1902'),('190208','SUYO','POBRE NO EXTREMO','1902'),('190209','JILILI','NO POBRE','1902'),('190210','PAIMAS','POBRE NO EXTREMO','1902'),('190301','HUANCABAMBA','POBRE NO EXTREMO','1903'),('190302','CANCHAQUE','POBRE NO EXTREMO','1903'),('190303','HUARMACA','POBRE EXTREMO','1903'),('190304','SONDOR','NO POBRE','1903'),('190305','SONDORILLO','POBRE NO EXTREMO','1903'),('190306','EL CARMEN DE LA FRONTERA','POBRE NO EXTREMO','1903'),('190307','SAN MIGUEL DE EL FAIQUE','POBRE NO EXTREMO','1903'),('190308','LALAQUIZ','POBRE NO EXTREMO','1903'),('190401','CHULUCANAS','NO POBRE','1904'),('190402','BUENOS AIRES','NO POBRE','1904'),('190403','CHALACO','NO POBRE','1904'),('190404','MORROPON','NO POBRE','1904'),('190405','SALITRAL','NO POBRE','1904'),('190406','SANTA CATALINA DE MOSSA','NO POBRE','1904'),('190407','SANTO DOMINGO','NO POBRE','1904'),('190408','LA MATANZA','POBRE NO EXTREMO','1904'),('190409','YAMANGO','POBRE NO EXTREMO','1904'),('190410','SAN JUAN DE BIGOTE','POBRE NO EXTREMO','1904'),('190501','PAITA','NO POBRE','1905'),('190502','AMOTAPE','NO POBRE','1905'),('190503','ARENAL','NO POBRE','1905'),('190504','LA HUACA','NO POBRE','1905'),('190505','COLAN','NO POBRE','1905'),('190506','TAMARINDO','NO POBRE','1905'),('190507','VICHAYAL','POBRE NO EXTREMO','1905'),('190601','SULLANA','NO POBRE','1906'),('190602','BELLAVISTA','NO POBRE','1906'),('190603','LANCONES','NO POBRE','1906'),('190604','MARCAVELICA','NO POBRE','1906'),('190605','MIGUEL CHECA','NO POBRE','1906'),('190606','QUERECOTILLO','NO POBRE','1906'),('190607','SALITRAL','NO POBRE','1906'),('190608','IGNACIO ESCUDERO','NO POBRE','1906'),('190701','PARIÑAS','NO POBRE','1907'),('190702','EL ALTO','NO POBRE','1907'),('190703','LA BREA','NO POBRE','1907'),('190704','LOBITOS','NO POBRE','1907'),('190705','MANCORA','NO POBRE','1907'),('190706','LOS ORGANOS','NO POBRE','1907'),('190801','SECHURA','NO POBRE','1908'),('190802','VICE','NO POBRE','1908'),('190803','BERNAL','NO POBRE','1908'),('190804','BELLAVISTA DE LA UNION','NO POBRE','1908'),('190805','CRISTO NOS VALGA','NO POBRE','1908'),('190806','RINCONADA-LLICUAR','NO POBRE','1908'),('200101','PUNO','NO POBRE','2001'),('200102','ACORA','POBRE NO EXTREMO','2001'),('200103','ATUNCOLLA','POBRE NO EXTREMO','2001'),('200104','CAPACHICA','POBRE NO EXTREMO','2001'),('200105','COATA','POBRE EXTREMO','2001'),('200106','CHUCUITO','POBRE NO EXTREMO','2001'),('200107','HUATA','POBRE NO EXTREMO','2001'),('200108','MAÑAZO','POBRE NO EXTREMO','2001'),('200109','PAUCARCOLLA','POBRE NO EXTREMO','2001'),('200110','PICHACANI','POBRE NO EXTREMO','2001'),('200111','SAN ANTONIO','POBRE EXTREMO','2001'),('200112','TIQUILLACA','POBRE EXTREMO','2001'),('200113','VILQUE','POBRE NO EXTREMO','2001'),('200114','PLATERIA','POBRE NO EXTREMO','2001'),('200115','AMANTANI','POBRE EXTREMO','2001'),('200201','AZANGARO','POBRE NO EXTREMO','2002'),('200202','ACHAYA','POBRE EXTREMO','2002'),('200203','ARAPA','POBRE NO EXTREMO','2002'),('200204','ASILLO','POBRE EXTREMO','2002'),('200205','CAMINACA','POBRE EXTREMO','2002'),('200206','CHUPA','POBRE NO EXTREMO','2002'),('200207','JOSE DOMINGO CHOQUEHUANCA','POBRE NO EXTREMO','2002'),('200208','MUÑANI','POBRE EXTREMO','2002'),('200210','POTONI','POBRE EXTREMO','2002'),('200212','SAMAN','POBRE EXTREMO','2002'),('200213','SAN ANTON','POBRE EXTREMO','2002'),('200214','SAN JOSE','POBRE EXTREMO','2002'),('200215','SAN JUAN DE SALINAS','POBRE NO EXTREMO','2002'),('200216','SANTIAGO DE PUPUJA','POBRE NO EXTREMO','2002'),('200217','TIRAPATA','POBRE EXTREMO','2002'),('200301','MACUSANI','POBRE EXTREMO','2003'),('200302','AJOYANI','POBRE EXTREMO','2003'),('200303','AYAPATA','POBRE EXTREMO','2003'),('200304','COASA','POBRE EXTREMO','2003'),('200305','CORANI','POBRE EXTREMO','2003'),('200306','CRUCERO','POBRE EXTREMO','2003'),('200307','ITUATA','POBRE EXTREMO','2003'),('200308','OLLACHEA','POBRE EXTREMO','2003'),('200309','SAN GABAN','NO POBRE','2003'),('200310','USICAYOS','POBRE EXTREMO','2003'),('200401','JULI','POBRE NO EXTREMO','2004'),('200402','DESAGUADERO','POBRE NO EXTREMO','2004'),('200403','HUACULLANI','POBRE EXTREMO','2004'),('200406','PISACOMA','POBRE NO EXTREMO','2004'),('200407','POMATA','POBRE NO EXTREMO','2004'),('200410','ZEPITA','POBRE NO EXTREMO','2004'),('200412','KELLUYO','POBRE NO EXTREMO','2004'),('200501','HUANCANE','POBRE NO EXTREMO','2005'),('200502','COJATA','POBRE EXTREMO','2005'),('200504','INCHUPALLA','POBRE NO EXTREMO','2005'),('200506','PUSI','POBRE NO EXTREMO','2005'),('200507','ROSASPATA','POBRE EXTREMO','2005'),('200508','TARACO','POBRE NO EXTREMO','2005'),('200509','VILQUE CHICO','POBRE NO EXTREMO','2005'),('200511','HUATASANI','POBRE NO EXTREMO','2005'),('200601','LAMPA','POBRE NO EXTREMO','2006'),('200602','CABANILLA','POBRE NO EXTREMO','2006'),('200603','CALAPUJA','POBRE NO EXTREMO','2006'),('200604','NICASIO','POBRE NO EXTREMO','2006'),('200605','OCUVIRI','POBRE EXTREMO','2006'),('200606','PALCA','POBRE NO EXTREMO','2006'),('200607','PARATIA','POBRE NO EXTREMO','2006'),('200608','PUCARA','POBRE NO EXTREMO','2006'),('200609','SANTA LUCIA','POBRE NO EXTREMO','2006'),('200610','VILAVILA','POBRE EXTREMO','2006'),('200701','AYAVIRI','NO POBRE','2007'),('200702','ANTAUTA','POBRE EXTREMO','2007'),('200703','CUPI','POBRE NO EXTREMO','2007'),('200704','LLALLI','POBRE NO EXTREMO','2007'),('200705','MACARI','POBRE EXTREMO','2007'),('200706','NUÑOA','POBRE EXTREMO','2007'),('200707','ORURILLO','POBRE EXTREMO','2007'),('200708','SANTA ROSA','POBRE EXTREMO','2007'),('200709','UMACHIRI','POBRE NO EXTREMO','2007'),('200801','SANDIA','POBRE EXTREMO','2008'),('200803','CUYOCUYO','POBRE EXTREMO','2008'),('200804','LIMBANI','POBRE EXTREMO','2008'),('200805','PHARA','POBRE EXTREMO','2008'),('200806','PATAMBUCO','POBRE EXTREMO','2008'),('200807','QUIACA','POBRE EXTREMO','2008'),('200808','SAN JUAN DEL ORO','POBRE NO EXTREMO','2008'),('200810','YANAHUAYA','NO POBRE','2008'),('200811','ALTO INAMBARI','NO POBRE','2008'),('200812','SAN PEDRO DE PUTINA PUNCO','NO POBRE','2008'),('200901','JULIACA','NO POBRE','2009'),('200902','CABANA','POBRE NO EXTREMO','2009'),('200903','CABANILLAS','POBRE NO EXTREMO','2009'),('200904','CARACOTO','POBRE NO EXTREMO','2009'),('201001','YUNGUYO','POBRE NO EXTREMO','2010'),('201002','UNICACHI','POBRE NO EXTREMO','2010'),('201003','ANAPIA','POBRE NO EXTREMO','2010'),('201004','COPANI','POBRE NO EXTREMO','2010'),('201005','CUTURAPI','POBRE NO EXTREMO','2010'),('201006','OLLARAYA','POBRE NO EXTREMO','2010'),('201007','TINICACHI','POBRE NO EXTREMO','2010'),('201101','PUTINA','POBRE EXTREMO','2011'),('201102','PEDRO VILCA APAZA','POBRE NO EXTREMO','2011'),('201103','QUILCAPUNCU','POBRE EXTREMO','2011'),('201104','ANANEA','NO POBRE','2011'),('201105','SINA','POBRE EXTREMO','2011'),('201201','ILAVE','POBRE NO EXTREMO','2012'),('201202','PILCUYO','POBRE NO EXTREMO','2012'),('201203','SANTA ROSA','POBRE NO EXTREMO','2012'),('201204','CAPASO','POBRE EXTREMO','2012'),('201205','CONDURIRI','POBRE NO EXTREMO','2012'),('201301','MOHO','POBRE NO EXTREMO','2013'),('201302','CONIMA','POBRE NO EXTREMO','2013'),('201303','TILALI','POBRE NO EXTREMO','2013'),('201304','HUAYRAPATA','POBRE EXTREMO','2013'),('210101','MOYOBAMBA','NO POBRE','2101'),('210102','CALZADA','NO POBRE','2101'),('210103','HABANA','NO POBRE','2101'),('210104','JEPELACIO','NO POBRE','2101'),('210105','SORITOR','POBRE NO EXTREMO','2101'),('210106','YANTALO','NO POBRE','2101'),('210201','SAPOSOA','NO POBRE','2102'),('210202','PISCOYACU','NO POBRE','2102'),('210203','SACANCHE','NO POBRE','2102'),('210204','TINGO DE SAPOSOA','NO POBRE','2102'),('210205','ALTO SAPOSOA','POBRE NO EXTREMO','2102'),('210206','EL ESLABON','POBRE NO EXTREMO','2102'),('210301','LAMAS','NO POBRE','2103'),('210303','BARRANQUITA','POBRE EXTREMO','2103'),('210304','CAYNARACHI','NO POBRE','2103'),('210305','CUÑUMBUQUI','NO POBRE','2103'),('210306','PINTO RECODO','POBRE NO EXTREMO','2103'),('210307','RUMISAPA','NO POBRE','2103'),('210311','SHANAO','NO POBRE','2103'),('210313','TABALOSOS','NO POBRE','2103'),('210314','ZAPATERO','NO POBRE','2103'),('210315','ALONSO DE ALVARADO','NO POBRE','2103'),('210316','SAN ROQUE DE CUMBAZA','NO POBRE','2103'),('210401','JUANJUI','NO POBRE','2104'),('210402','CAMPANILLA','NO POBRE','2104'),('210403','HUICUNGO','NO POBRE','2104'),('210404','PACHIZA','NO POBRE','2104'),('210405','PAJARILLO','NO POBRE','2104'),('210501','RIOJA','NO POBRE','2105'),('210502','POSIC','NO POBRE','2105'),('210503','YORONGOS','POBRE NO EXTREMO','2105'),('210504','YURACYACU','NO POBRE','2105'),('210505','NUEVA CAJAMARCA','NO POBRE','2105'),('210506','ELIAS SOPLIN VARGAS','POBRE EXTREMO','2105'),('210507','SAN FERNANDO','POBRE NO EXTREMO','2105'),('210508','PARDO MIGUEL','NO POBRE','2105'),('210509','AWAJUN','NO POBRE','2105'),('210601','TARAPOTO','NO POBRE','2106'),('210602','ALBERTO LEVEAU','NO POBRE','2106'),('210604','CACATACHI','NO POBRE','2106'),('210606','CHAZUTA','POBRE EXTREMO','2106'),('210607','CHIPURANA','NO POBRE','2106'),('210608','EL PORVENIR','NO POBRE','2106'),('210609','HUIMBAYOC','NO POBRE','2106'),('210610','JUAN GUERRA','NO POBRE','2106'),('210611','MORALES','NO POBRE','2106'),('210612','PAPAPLAYA','NO POBRE','2106'),('210616','SAN ANTONIO','NO POBRE','2106'),('210619','SAUCE','POBRE EXTREMO','2106'),('210620','SHAPAJA','NO POBRE','2106'),('210621','LA BANDA DE SHILCAYO','NO POBRE','2106'),('210701','BELLAVISTA','NO POBRE','2107'),('210702','SAN RAFAEL','NO POBRE','2107'),('210703','SAN PABLO','NO POBRE','2107'),('210704','ALTO BIAVO','NO POBRE','2107'),('210705','HUALLAGA','NO POBRE','2107'),('210706','BAJO BIAVO','NO POBRE','2107'),('210801','TOCACHE','NO POBRE','2108'),('210802','NUEVO PROGRESO','NO POBRE','2108'),('210803','POLVORA','NO POBRE','2108'),('210804','SHUNTE','NO POBRE','2108'),('210805','UCHIZA','NO POBRE','2108'),('210901','PICOTA','NO POBRE','2109'),('210902','BUENOS AIRES','NO POBRE','2109'),('210903','CASPIZAPA','NO POBRE','2109'),('210904','PILLUANA','NO POBRE','2109'),('210905','PUCACACA','NO POBRE','2109'),('210906','SAN CRISTOBAL','NO POBRE','2109'),('210907','SAN HILARION','NO POBRE','2109'),('210908','TINGO DE PONASA','NO POBRE','2109'),('210909','TRES UNIDOS','NO POBRE','2109'),('210910','SHAMBOYACU','NO POBRE','2109'),('211001','SAN JOSE DE SISA','POBRE EXTREMO','2110'),('211002','AGUA BLANCA','POBRE NO EXTREMO','2110'),('211003','SHATOJA','POBRE NO EXTREMO','2110'),('211004','SAN MARTIN','POBRE EXTREMO','2110'),('211005','SANTA ROSA','POBRE NO EXTREMO','2110'),('220101','TACNA','NO POBRE','2201'),('220102','CALANA','NO POBRE','2201'),('220104','INCLAN','NO POBRE','2201'),('220107','PACHIA','NO POBRE','2201'),('220108','PALCA','POBRE NO EXTREMO','2201'),('220109','POCOLLAY','NO POBRE','2201'),('220110','SAMA','NO POBRE','2201'),('220111','ALTO DE LA ALIANZA','NO POBRE','2201'),('220112','CIUDAD NUEVA','NO POBRE','2201'),('220113','CORONEL GREGORIO ALBARRACIN L.','NO POBRE','2201'),('220201','TARATA','POBRE EXTREMO','2202'),('220205','HEROES ALBARRACIN','NO POBRE','2202'),('220206','ESTIQUE','POBRE EXTREMO','2202'),('220207','ESTIQUE PAMPA','POBRE EXTREMO','2202'),('220210','SITAJARA','POBRE NO EXTREMO','2202'),('220211','SUSAPAYA','NO POBRE','2202'),('220212','TARUCACHI','POBRE EXTREMO','2202'),('220213','TICACO','NO POBRE','2202'),('220301','LOCUMBA','NO POBRE','2203'),('220302','ITE','NO POBRE','2203'),('220303','ILABAYA','NO POBRE','2203'),('220401','CANDARAVE','POBRE NO EXTREMO','2204'),('220402','CAIRANI','POBRE EXTREMO','2204'),('220403','CURIBAYA','NO POBRE','2204'),('220404','HUANUARA','NO POBRE','2204'),('220405','QUILAHUANI','NO POBRE','2204'),('220406','CAMILACA','NO POBRE','2204'),('230101','TUMBES','NO POBRE','2301'),('230102','CORRALES','NO POBRE','2301'),('230103','LA CRUZ','NO POBRE','2301'),('230104','PAMPAS DE HOSPITAL','NO POBRE','2301'),('230105','SAN JACINTO','NO POBRE','2301'),('230106','SAN JUAN DE LA VIRGEN','NO POBRE','2301'),('230201','ZORRITOS','NO POBRE','2302'),('230202','CASITAS','NO POBRE','2302'),('230203','CANOAS DE PUNTA SAL','NO POBRE','2302'),('230301','ZARUMILLA','NO POBRE','2303'),('230302','MATAPALO','NO POBRE','2303'),('230303','PAPAYAL','NO POBRE','2303'),('230304','AGUAS VERDES','NO POBRE','2303'),('240101','CALLAO','NO POBRE','2401'),('240102','BELLAVISTA','NO POBRE','2401'),('240103','LA PUNTA','NO POBRE','2401'),('240104','CARMEN DE LA LEGUA-REYNOSO','NO POBRE','2401'),('240105','LA PERLA','NO POBRE','2401'),('240106','VENTANILLA','NO POBRE','2401'),('240107','MI PERU','NO POBRE','2401'),('250101','CALLERIA','NO POBRE','2501'),('250102','YARINACOCHA','NO POBRE','2501'),('250103','MASISEA','POBRE NO EXTREMO','2501'),('250104','CAMPOVERDE','NO POBRE','2501'),('250105','IPARIA','POBRE EXTREMO','2501'),('250106','NUEVA REQUENA','NO POBRE','2501'),('250107','MANANTAY','NO POBRE','2501'),('250201','PADRE ABAD','NO POBRE','2502'),('250202','IRAZOLA','NO POBRE','2502'),('250203','CURIMANA','NO POBRE','2502'),('250204','NESHUYA','NO POBRE','2502'),('250205','ALEXANDER VON HUMBOLDT','NO POBRE','2502'),('250301','RAIMONDI','POBRE EXTREMO','2503'),('250302','TAHUANIA','POBRE EXTREMO','2503'),('250303','YURUA','POBRE EXTREMO','2503'),('250304','SEPAHUA','NO POBRE','2503'),('250401','PURUS','NO POBRE','2504');
/*!40000 ALTER TABLE `district` ENABLE KEYS */;
UNLOCK TABLES;

--
-- Table structure for table `donation`
--

DROP TABLE IF EXISTS `donation`;
/*!40101 SET @saved_cs_client     = @@character_set_client */;
/*!50503 SET character_set_client = utf8mb4 */;
CREATE TABLE `donation` (
  `id` int NOT NULL AUTO_INCREMENT,
  `name` varchar(50) NOT NULL,
  `description` varchar(50) NOT NULL,
  `category` varchar(50) DEFAULT NULL,
  `amountByBeneficiary` int DEFAULT NULL,
  `createdAt` datetime(6) NOT NULL DEFAULT CURRENT_TIMESTAMP(6),
  `updateAt` datetime(6) NOT NULL DEFAULT CURRENT_TIMESTAMP(6) ON UPDATE CURRENT_TIMESTAMP(6),
  `campaignId` int DEFAULT NULL,
  `collected` int NOT NULL,
  `total` int NOT NULL,
  PRIMARY KEY (`id`),
  KEY `FK_9949b59b4b2646e8618692eb8f3` (`campaignId`),
  CONSTRAINT `FK_9949b59b4b2646e8618692eb8f3` FOREIGN KEY (`campaignId`) REFERENCES `campaign` (`id`)
) ENGINE=InnoDB AUTO_INCREMENT=42 DEFAULT CHARSET=utf8mb4 COLLATE=utf8mb4_0900_ai_ci;
/*!40101 SET character_set_client = @saved_cs_client */;

--
-- Dumping data for table `donation`
--

LOCK TABLES `donation` WRITE;
/*!40000 ALTER TABLE `donation` DISABLE KEYS */;
INSERT INTO `donation` VALUES (22,'Juguete para niño','Menores de 10 años','Juguetes',2,'2021-06-04 13:42:13.461478','2021-06-07 22:36:05.220301',13,22,34),(23,'Panetón','De cualquier marca','Viveres',1,'2021-06-04 16:39:45.201284','2021-06-07 22:35:01.075672',13,10,17),(26,'adasd','asdsa','Viveres',1,'2021-06-14 23:38:29.530520','2021-06-17 12:50:19.000000',23,5,2),(28,'Juguete','Para niños menores de 10 años','Juguetes',1,'2021-06-15 01:00:00.550982','2021-06-15 01:39:16.080044',21,10,13),(29,'Panetón','Mini caja ','Viveres',2,'2021-06-15 01:07:31.913401','2021-06-15 01:39:26.680167',21,19,26),(30,'Dinero','dinero2','Otros',1,'2021-06-16 12:42:56.053882','2021-06-21 11:49:30.024955',19,9,11),(32,'Monto','Soles',NULL,NULL,'2021-06-17 07:12:54.585348','2021-06-17 07:42:50.000000',32,50,525),(33,'Monto','Soles',NULL,NULL,'2021-06-17 07:40:17.897215','2021-06-17 11:23:30.000000',33,150,650),(34,'Doctores','Licenciados',NULL,NULL,'2021-06-17 10:56:14.248459','2021-06-17 10:58:19.000000',31,0,10),(37,'asasadsa','asdadsadadsadas',NULL,NULL,'2021-06-17 11:00:29.933854','2021-06-17 11:00:35.000000',31,0,15),(39,'otro','15','Juguetes',2,'2021-06-21 11:46:41.733593','2021-06-21 11:49:13.167120',19,18,22),(40,'prueba1','prueba1','Muebles',2,'2021-07-18 08:47:58.541158','2021-07-18 08:49:30.000000',27,15,18),(41,'prueba2','prueba2','Artefactos',1,'2021-07-18 08:48:14.488868','2021-07-18 08:49:30.000000',27,7,9);
/*!40000 ALTER TABLE `donation` ENABLE KEYS */;
UNLOCK TABLES;

--
-- Table structure for table `giver`
--

DROP TABLE IF EXISTS `giver`;
/*!40101 SET @saved_cs_client     = @@character_set_client */;
/*!50503 SET character_set_client = utf8mb4 */;
CREATE TABLE `giver` (
  `createdAt` datetime(6) NOT NULL DEFAULT CURRENT_TIMESTAMP(6),
  `updateAt` datetime(6) NOT NULL DEFAULT CURRENT_TIMESTAMP(6) ON UPDATE CURRENT_TIMESTAMP(6),
  `id` int NOT NULL AUTO_INCREMENT,
  `name` varchar(50) NOT NULL,
  `lastname` varchar(50) NOT NULL,
  `phone` varchar(255) NOT NULL,
  `email` varchar(255) NOT NULL,
  `document` char(8) DEFAULT NULL,
  `status` enum('registrado','pendiente','completo') NOT NULL DEFAULT 'registrado',
  `eventId` int DEFAULT NULL,
  `campaignId` int DEFAULT NULL,
  PRIMARY KEY (`id`),
  KEY `FK_b9bc8e38a406c27e6545ac38dc3` (`campaignId`),
  CONSTRAINT `FK_b9bc8e38a406c27e6545ac38dc3` FOREIGN KEY (`campaignId`) REFERENCES `campaign` (`id`)
) ENGINE=InnoDB AUTO_INCREMENT=44 DEFAULT CHARSET=utf8mb4 COLLATE=utf8mb4_0900_ai_ci;
/*!40101 SET character_set_client = @saved_cs_client */;

--
-- Dumping data for table `giver`
--

LOCK TABLES `giver` WRITE;
/*!40000 ALTER TABLE `giver` DISABLE KEYS */;
INSERT INTO `giver` VALUES ('2021-06-05 05:32:28.122313','2021-06-05 23:43:30.000000',34,'Jhonny','Angulo','987654321','hyphnox@gmail.com','98765432','completo',7,13),('2021-06-15 01:17:10.128998','2021-06-15 01:34:27.000000',35,'Giovanna','Zela','987654872','valeria123ysg@gmail.com','10026645','completo',10,21),('2021-06-16 12:43:26.965876','2021-06-16 12:43:26.965876',36,'prueba','prueba','123456789','prueba@prueba.com','','completo',11,19),('2021-06-16 12:46:42.474099','2021-06-16 12:46:42.474099',37,'prueba2','prueba2','987654311','prueba2@prueba2.com','','completo',12,19),('2021-06-16 22:49:31.184188','2021-06-16 22:49:31.184188',38,'prueba3','prueba3','123456789','prueba3@prueba3.com','','completo',13,19),('2021-06-17 07:42:50.823239','2021-06-17 07:42:50.823239',39,'prueba4','prueba4','123123123','prueba4@prueba4.com','','completo',15,32),('2021-06-17 11:23:30.633916','2021-06-17 11:23:30.633916',40,'sasdad','asdads','132123132','asdasas@asa.com','','completo',16,33),('2021-06-17 12:26:57.713804','2021-06-17 12:26:57.713804',41,'prueba3','prueba3','123456789','prueba3@prueba3.com','','completo',18,23),('2021-06-17 12:50:19.817282','2021-06-17 12:50:19.817282',42,'prueba5','prueba5','123456789','prueba5@prueba5.com','','completo',19,23),('2021-07-18 08:49:30.543085','2021-07-18 08:49:30.543085',43,'prueba2','prueba2','321654987','prueba2@prueba2.com','','completo',25,27);
/*!40000 ALTER TABLE `giver` ENABLE KEYS */;
UNLOCK TABLES;

--
-- Table structure for table `giver_donation`
--

DROP TABLE IF EXISTS `giver_donation`;
/*!40101 SET @saved_cs_client     = @@character_set_client */;
/*!50503 SET character_set_client = utf8mb4 */;
CREATE TABLE `giver_donation` (
  `createdAt` datetime(6) NOT NULL DEFAULT CURRENT_TIMESTAMP(6),
  `updateAt` datetime(6) NOT NULL DEFAULT CURRENT_TIMESTAMP(6) ON UPDATE CURRENT_TIMESTAMP(6),
  `id` int NOT NULL AUTO_INCREMENT,
  `amount` int NOT NULL,
  `donationId` int DEFAULT NULL,
  `giverId` int DEFAULT NULL,
  `status` enum('registrado','recolectado') NOT NULL DEFAULT 'registrado',
  PRIMARY KEY (`id`),
  KEY `FK_9023682884aa67eb88c7d92eb25` (`donationId`),
  KEY `FK_573a021cf99ffe7370d1791bb93` (`giverId`),
  CONSTRAINT `FK_573a021cf99ffe7370d1791bb93` FOREIGN KEY (`giverId`) REFERENCES `giver` (`id`),
  CONSTRAINT `FK_9023682884aa67eb88c7d92eb25` FOREIGN KEY (`donationId`) REFERENCES `donation` (`id`)
) ENGINE=InnoDB AUTO_INCREMENT=19 DEFAULT CHARSET=utf8mb4 COLLATE=utf8mb4_0900_ai_ci;
/*!40101 SET character_set_client = @saved_cs_client */;

--
-- Dumping data for table `giver_donation`
--

LOCK TABLES `giver_donation` WRITE;
/*!40000 ALTER TABLE `giver_donation` DISABLE KEYS */;
INSERT INTO `giver_donation` VALUES ('2021-06-05 06:22:44.558570','2021-06-05 23:43:30.000000',6,1,22,34,'recolectado'),('2021-06-05 06:22:44.558570','2021-06-05 23:43:30.000000',7,1,23,34,'recolectado'),('2021-06-15 01:25:50.178124','2021-06-15 01:34:27.000000',8,1,28,35,'recolectado'),('2021-06-15 01:25:50.178124','2021-06-15 01:34:27.000000',9,1,29,35,'recolectado'),('2021-06-16 12:43:26.988979','2021-06-16 12:43:26.988979',10,1,30,36,'registrado'),('2021-06-16 12:46:42.494082','2021-06-16 12:46:42.494082',11,1,30,37,'registrado'),('2021-06-16 22:49:31.219037','2021-06-16 22:49:31.219037',12,2,30,38,'recolectado'),('2021-06-17 07:42:50.842498','2021-06-17 07:42:50.842498',13,50,32,39,'recolectado'),('2021-06-17 11:23:30.653305','2021-06-17 11:23:30.653305',14,150,33,40,'recolectado'),('2021-06-17 12:26:57.732386','2021-06-17 12:26:57.732386',15,1,26,41,'recolectado'),('2021-06-17 12:50:19.873963','2021-06-17 12:50:19.873963',16,4,26,42,'recolectado'),('2021-07-18 08:49:30.624466','2021-07-18 08:49:30.624466',17,15,40,43,'recolectado'),('2021-07-18 08:49:30.624466','2021-07-18 08:49:30.624466',18,7,41,43,'recolectado');
/*!40000 ALTER TABLE `giver_donation` ENABLE KEYS */;
UNLOCK TABLES;

--
-- Table structure for table `province`
--

DROP TABLE IF EXISTS `province`;
/*!40101 SET @saved_cs_client     = @@character_set_client */;
/*!50503 SET character_set_client = utf8mb4 */;
CREATE TABLE `province` (
  `id` char(4) NOT NULL,
  `name` varchar(50) NOT NULL,
  `regionId` char(2) DEFAULT NULL,
  PRIMARY KEY (`id`),
  KEY `FK_9dfaa9f35004d0c405dd66394d1` (`regionId`),
  CONSTRAINT `FK_9dfaa9f35004d0c405dd66394d1` FOREIGN KEY (`regionId`) REFERENCES `region` (`id`)
) ENGINE=InnoDB DEFAULT CHARSET=utf8mb4 COLLATE=utf8mb4_0900_ai_ci;
/*!40101 SET character_set_client = @saved_cs_client */;

--
-- Dumping data for table `province`
--

LOCK TABLES `province` WRITE;
/*!40000 ALTER TABLE `province` DISABLE KEYS */;
INSERT INTO `province` VALUES ('0101','CHACHAPOYAS','01'),('0102','BAGUA','01'),('0103','BONGARA','01'),('0104','LUYA','01'),('0105','RODRIGUEZ DE MENDOZA','01'),('0106','CONDORCANQUI','01'),('0107','UTCUBAMBA','01'),('0201','HUARAZ','02'),('0202','AIJA','02'),('0203','BOLOGNESI','02'),('0204','CARHUAZ','02'),('0205','CASMA','02'),('0206','CORONGO','02'),('0207','HUAYLAS','02'),('0208','HUARI','02'),('0209','MARISCAL LUZURIAGA','02'),('0210','PALLASCA','02'),('0211','POMABAMBA','02'),('0212','RECUAY','02'),('0213','SANTA','02'),('0214','SIHUAS','02'),('0215','YUNGAY','02'),('0216','ANTONIO RAIMONDI','02'),('0217','CARLOS FERMIN FITZCARRALD','02'),('0218','ASUNCION','02'),('0219','HUARMEY','02'),('0220','OCROS','02'),('0301','ABANCAY','03'),('0302','AYMARAES','03'),('0303','ANDAHUAYLAS','03'),('0304','ANTABAMBA','03'),('0305','COTABAMBAS','03'),('0306','GRAU','03'),('0307','CHINCHEROS','03'),('0401','AREQUIPA','04'),('0402','CAYLLOMA','04'),('0403','CAMANA','04'),('0404','CARAVELI','04'),('0405','CASTILLA','04'),('0406','CONDESUYOS','04'),('0407','ISLAY','04'),('0408','LA UNION','04'),('0501','HUAMANGA','05'),('0502','CANGALLO','05'),('0503','HUANTA','05'),('0504','LA MAR','05'),('0505','LUCANAS','05'),('0506','PARINACOCHAS','05'),('0507','VICTOR FAJARDO','05'),('0508','HUANCA SANCOS','05'),('0509','VILCAS HUAMAN','05'),('0510','PAUCAR DEL SARA SARA','05'),('0511','SUCRE','05'),('0601','CAJAMARCA','06'),('0602','CAJABAMBA','06'),('0603','CELENDIN','06'),('0604','CONTUMAZA','06'),('0605','CUTERVO','06'),('0606','CHOTA','06'),('0607','HUALGAYOC','06'),('0608','JAEN','06'),('0609','SANTA CRUZ','06'),('0610','SAN MIGUEL','06'),('0611','SAN IGNACIO','06'),('0612','SAN MARCOS','06'),('0613','SAN PABLO','06'),('0701','CUSCO','07'),('0702','ACOMAYO','07'),('0703','ANTA','07'),('0704','CALCA','07'),('0705','CANAS','07'),('0706','CANCHIS','07'),('0707','CHUMBIVILCAS','07'),('0708','ESPINAR','07'),('0709','LA CONVENCION','07'),('0710','PARURO','07'),('0711','PAUCARTAMBO','07'),('0712','QUISPICANCHI','07'),('0713','URUBAMBA','07'),('0801','HUANCAVELICA','08'),('0802','ACOBAMBA','08'),('0803','ANGARAES','08'),('0804','CASTROVIRREYNA','08'),('0805','TAYACAJA','08'),('0806','HUAYTARA','08'),('0807','CHURCAMPA','08'),('0901','HUANUCO','09'),('0902','AMBO','09'),('0903','DOS DE MAYO','09'),('0904','HUAMALIES','09'),('0905','MARAÑON','09'),('0906','LEONCIO PRADO','09'),('0907','PACHITEA','09'),('0908','PUERTO INCA','09'),('0909','HUACAYBAMBA','09'),('0910','LAURICOCHA','09'),('0911','YAROWILCA','09'),('1001','ICA','10'),('1002','CHINCHA','10'),('1003','NAZCA','10'),('1004','PISCO','10'),('1005','PALPA','10'),('1101','HUANCAYO','11'),('1102','CONCEPCION','11'),('1103','JAUJA','11'),('1104','JUNIN','11'),('1105','TARMA','11'),('1106','YAULI','11'),('1107','SATIPO','11'),('1108','CHANCHAMAYO','11'),('1109','CHUPACA','11'),('1201','TRUJILLO','12'),('1202','BOLIVAR','12'),('1203','SANCHEZ CARRION','12'),('1204','OTUZCO','12'),('1205','PACASMAYO','12'),('1206','PATAZ','12'),('1207','SANTIAGO DE CHUCO','12'),('1208','ASCOPE','12'),('1209','CHEPEN','12'),('1210','JULCAN','12'),('1211','GRAN CHIMU','12'),('1212','VIRU','12'),('1301','CHICLAYO','13'),('1302','FERREÑAFE','13'),('1303','LAMBAYEQUE','13'),('1401','LIMA','14'),('1402','CAJATAMBO','14'),('1403','CANTA','14'),('1404','CAÑETE','14'),('1405','HUAURA','14'),('1406','HUAROCHIRI','14'),('1407','YAUYOS','14'),('1408','HUARAL','14'),('1409','BARRANCA','14'),('1410','OYON','14'),('1501','MAYNAS','15'),('1502','ALTO AMAZONAS','15'),('1503','LORETO','15'),('1504','REQUENA','15'),('1505','UCAYALI','15'),('1506','MARISCAL RAMON CASTILLA','15'),('1507','DATEM DEL MARAÑON','15'),('1509','PUTUMAYO','15'),('1601','TAMBOPATA','16'),('1602','MANU','16'),('1603','TAHUAMANU','16'),('1701','MARISCAL NIETO','17'),('1702','GENERAL SANCHEZ CERRO','17'),('1703','ILO','17'),('1801','PASCO','18'),('1802','DANIEL ALCIDES CARRION','18'),('1803','OXAPAMPA','18'),('1901','PIURA','19'),('1902','AYABACA','19'),('1903','HUANCABAMBA','19'),('1904','MORROPON','19'),('1905','PAITA','19'),('1906','SULLANA','19'),('1907','TALARA','19'),('1908','SECHURA','19'),('2001','PUNO','20'),('2002','AZANGARO','20'),('2003','CARABAYA','20'),('2004','CHUCUITO','20'),('2005','HUANCANE','20'),('2006','LAMPA','20'),('2007','MELGAR','20'),('2008','SANDIA','20'),('2009','SAN ROMAN','20'),('2010','YUNGUYO','20'),('2011','SAN ANTONIO DE PUTINA','20'),('2012','EL COLLAO','20'),('2013','MOHO','20'),('2101','MOYOBAMBA','21'),('2102','HUALLAGA','21'),('2103','LAMAS','21'),('2104','MARISCAL CACERES','21'),('2105','RIOJA','21'),('2106','SAN MARTIN','21'),('2107','BELLAVISTA','21'),('2108','TOCACHE','21'),('2109','PICOTA','21'),('2110','EL DORADO','21'),('2201','TACNA','22'),('2202','TARATA','22'),('2203','JORGE BASADRE','22'),('2204','CANDARAVE','22'),('2301','TUMBES','23'),('2302','CONTRALMIRANTE VILLAR','23'),('2303','ZARUMILLA','23'),('2401','CALLAO','24'),('2501','CORONEL PORTILLO','25'),('2502','PADRE ABAD','25'),('2503','ATALAYA','25'),('2504','PURUS','25');
/*!40000 ALTER TABLE `province` ENABLE KEYS */;
UNLOCK TABLES;

--
-- Table structure for table `region`
--

DROP TABLE IF EXISTS `region`;
/*!40101 SET @saved_cs_client     = @@character_set_client */;
/*!50503 SET character_set_client = utf8mb4 */;
CREATE TABLE `region` (
  `id` char(2) NOT NULL,
  `name` varchar(50) NOT NULL,
  PRIMARY KEY (`id`)
) ENGINE=InnoDB DEFAULT CHARSET=utf8mb4 COLLATE=utf8mb4_0900_ai_ci;
/*!40101 SET character_set_client = @saved_cs_client */;

--
-- Dumping data for table `region`
--

LOCK TABLES `region` WRITE;
/*!40000 ALTER TABLE `region` DISABLE KEYS */;
INSERT INTO `region` VALUES ('01','AMAZONAS'),('02','ANCASH'),('03','APURIMAC'),('04','AREQUIPA'),('05','AYACUCHO'),('06','CAJAMARCA'),('07','CUSCO'),('08','HUANCAVELICA'),('09','HUANUCO'),('10','ICA'),('11','JUNIN'),('12','LA LIBERTAD'),('13','LAMBAYEQUE'),('14','LIMA'),('15','LORETO'),('16','MADRE DE DIOS'),('17','MOQUEGUA'),('18','PASCO'),('19','PIURA'),('20','PUNO'),('21','SAN MARTIN'),('22','TACNA'),('23','TUMBES'),('24','CALLAO'),('25','UCAYALI');
/*!40000 ALTER TABLE `region` ENABLE KEYS */;
UNLOCK TABLES;

--
-- Table structure for table `resource`
--

DROP TABLE IF EXISTS `resource`;
/*!40101 SET @saved_cs_client     = @@character_set_client */;
/*!50503 SET character_set_client = utf8mb4 */;
CREATE TABLE `resource` (
  `createdAt` datetime(6) NOT NULL DEFAULT CURRENT_TIMESTAMP(6),
  `updateAt` datetime(6) NOT NULL DEFAULT CURRENT_TIMESTAMP(6) ON UPDATE CURRENT_TIMESTAMP(6),
  `id` int NOT NULL AUTO_INCREMENT,
  `name` varchar(255) NOT NULL,
  `location` varchar(255) NOT NULL,
  `campaign` int DEFAULT NULL,
  PRIMARY KEY (`id`),
  KEY `FK_bbe800e28937ecaaba82f12ea9d` (`campaign`),
  CONSTRAINT `FK_bbe800e28937ecaaba82f12ea9d` FOREIGN KEY (`campaign`) REFERENCES `campaign` (`id`)
) ENGINE=InnoDB AUTO_INCREMENT=22 DEFAULT CHARSET=utf8mb4 COLLATE=utf8mb4_0900_ai_ci;
/*!40101 SET character_set_client = @saved_cs_client */;

--
-- Dumping data for table `resource`
--

LOCK TABLES `resource` WRITE;
/*!40000 ALTER TABLE `resource` DISABLE KEYS */;
INSERT INTO `resource` VALUES ('2021-06-10 09:56:27.307482','2021-06-10 09:56:27.307482',2,'TAC_Final.pdf','https://s3.sa-east-1.amazonaws.com/crowdonation.resources/TAC_Final.pdf',13),('2021-06-10 09:57:53.716001','2021-06-10 09:57:53.716001',3,'errorbg.jpg','https://s3.sa-east-1.amazonaws.com/crowdonation.resources/errorbg.jpg',13),('2021-06-10 12:14:56.947919','2021-06-10 12:14:56.947919',4,'donaciones-2.jpg','https://s3.sa-east-1.amazonaws.com/crowdonation.resources/donaciones-2.jpg',13),('2021-06-15 01:51:48.094985','2021-06-15 01:51:48.094985',5,'minagro_cangallo1.jpg','https://s3.sa-east-1.amazonaws.com/crowdonation.resources/minagro_cangallo1.jpg',21),('2021-06-17 07:48:05.770044','2021-06-17 07:48:05.770044',8,'jojo.png','https://s3.sa-east-1.amazonaws.com/crowdonation.resources/jojo.png',32),('2021-06-17 07:50:39.329493','2021-06-17 07:50:39.329493',11,'donaciones-2.jpg','https://s3.sa-east-1.amazonaws.com/crowdonation.resources/donaciones-2.jpg',32),('2021-06-17 07:52:15.128872','2021-06-17 07:52:15.128872',12,'beneficiario_errores (4).csv','https://s3.sa-east-1.amazonaws.com/crowdonation.resources/beneficiario_errores%20%284%29.csv',32),('2021-06-17 07:59:32.752371','2021-06-17 07:59:32.752371',13,'response_1622307744276.json','https://s3.sa-east-1.amazonaws.com/crowdonation.resources/response_1622307744276.json',32),('2021-06-17 13:05:58.304836','2021-06-17 13:05:58.304836',15,'beneficiario_errores (4).csv','https://s3.sa-east-1.amazonaws.com/crowdonation.resources/beneficiario_errores%20%284%29.csv',23),('2021-06-20 04:10:11.728680','2021-06-20 04:10:11.728680',16,'beneficiario_errores (5).csv','https://s3.sa-east-1.amazonaws.com/crowdonation.resources/beneficiario_errores%20%285%29.csv',24),('2021-06-20 04:59:08.935363','2021-06-20 04:59:08.935363',21,'beneficiario_errores (6).csv','https://s3.sa-east-1.amazonaws.com/crowdonation.resources/beneficiario_errores%20%286%29.csv',24);
/*!40000 ALTER TABLE `resource` ENABLE KEYS */;
UNLOCK TABLES;

--
-- Table structure for table `tokenblacklisting`
--

DROP TABLE IF EXISTS `tokenblacklisting`;
/*!40101 SET @saved_cs_client     = @@character_set_client */;
/*!50503 SET character_set_client = utf8mb4 */;
CREATE TABLE `tokenblacklisting` (
  `id` int NOT NULL AUTO_INCREMENT,
  `jwtid` varchar(255) NOT NULL,
  `createdAt` datetime(6) NOT NULL DEFAULT CURRENT_TIMESTAMP(6),
  `updateAt` datetime(6) NOT NULL DEFAULT CURRENT_TIMESTAMP(6) ON UPDATE CURRENT_TIMESTAMP(6),
  PRIMARY KEY (`id`)
) ENGINE=InnoDB AUTO_INCREMENT=77 DEFAULT CHARSET=utf8mb4 COLLATE=utf8mb4_0900_ai_ci;
/*!40101 SET character_set_client = @saved_cs_client */;

--
-- Dumping data for table `tokenblacklisting`
--

LOCK TABLES `tokenblacklisting` WRITE;
/*!40000 ALTER TABLE `tokenblacklisting` DISABLE KEYS */;
INSERT INTO `tokenblacklisting` VALUES (1,'6nvkv091ikoaiizpy','2021-05-09 07:18:37.478126','2021-05-09 07:18:37.785831'),(2,'6nvkv091ikoajvshk','2021-05-09 07:18:37.478126','2021-05-09 07:18:37.785831'),(3,'6nvkv091ikoajythh','2021-05-09 07:18:37.478126','2021-05-09 07:18:37.785831'),(4,'6nvkv091ikoakabhj','2021-05-09 07:18:37.478126','2021-05-09 07:18:37.785831'),(5,'6nvkv091ikoakaiwy','2021-05-09 07:18:37.478126','2021-05-09 07:18:37.785831'),(6,'6nvkv091ikoakedfz','2021-05-09 07:18:37.478126','2021-05-09 07:18:37.785831'),(7,'6nvkv091ikoakg5bz','2021-05-09 07:18:37.478126','2021-05-09 07:18:37.785831'),(8,'6nvkv091ikoakibf1','2021-05-09 07:18:37.478126','2021-05-09 07:18:37.785831'),(9,'6nvkv091ikoakmbdd','2021-05-09 07:18:37.478126','2021-05-09 07:18:37.785831'),(10,'6nvkv091ikoakosv8','2021-05-09 07:18:37.478126','2021-05-09 07:18:37.785831'),(11,'6nvkv091ikoakp2a9','2021-05-09 07:18:37.478126','2021-05-09 07:18:37.785831'),(12,'6nvkv091ikoam2w9p','2021-05-09 07:18:37.478126','2021-05-09 07:18:37.785831'),(13,'6nvkv091ikoamll1u','2021-05-09 07:18:37.478126','2021-05-09 07:18:37.785831'),(14,'6nvkv091ikoap7bmr','2021-05-09 07:18:37.478126','2021-05-09 07:18:37.785831'),(15,'6nvkv091ikob7hc5j','2021-05-09 07:18:37.478126','2021-05-09 07:18:37.785831'),(16,'6nvkv091ikob7l0zf','2021-05-09 07:18:37.478126','2021-05-09 07:18:37.785831'),(17,'6nvkv047nkoe2grgv','2021-05-09 07:18:37.478126','2021-05-09 07:18:37.785831'),(18,'6nvkv047nkoe5v9if','2021-05-09 07:18:37.478126','2021-05-09 07:18:37.785831'),(19,'6nvkv047nkoe6kk8h','2021-05-09 07:18:37.478126','2021-05-09 07:18:37.785831'),(20,'6nvkv047nkoe79y6r','2021-05-09 07:18:37.478126','2021-05-09 07:18:37.785831'),(21,'6nvkv04gkkofhidgk','2021-05-09 07:18:37.478126','2021-05-09 07:18:37.785831'),(22,'6nvkv04gkkofl689f','2021-05-09 07:18:37.478126','2021-05-09 07:18:37.785831'),(23,'6nvkv0menkofwrcrc','2021-05-09 07:18:37.478126','2021-05-09 07:18:37.785831'),(24,'6nvkv04zykogtppxa','2021-05-09 07:18:45.465219','2021-05-09 07:18:45.465219'),(25,'6nvkv0pzfkoi7ooyh','2021-05-10 07:46:15.625344','2021-05-10 07:46:15.625344'),(26,'6nvkv0t91koib2u9k','2021-05-10 07:56:20.419711','2021-05-10 07:56:20.419711'),(27,'6nvkv0t91koibbf5j','2021-05-10 07:58:41.282959','2021-05-10 07:58:41.282959'),(28,'6nvkv0t91koibe6ca','2021-05-10 08:01:15.677699','2021-05-10 08:01:15.677699'),(29,'6nvkv0uhrkoibgbfd','2021-05-10 08:05:58.374329','2021-05-10 08:05:58.374329'),(30,'6nvkv0uhrkoibmbrt','2021-05-10 08:07:58.126092','2021-05-10 08:07:58.126092'),(31,'6nvkv0uhrkoibov3v','2021-05-10 08:10:49.543769','2021-05-10 08:10:49.543769'),(32,'6nvkv0uuwkoibsl81','2021-05-10 08:36:33.882208','2021-05-10 08:36:33.882208'),(33,'6nvkv04xkkok1gpx6','2021-05-11 14:05:27.846450','2021-05-11 14:05:27.846450'),(34,'6nvkv04xkkokd0w51','2021-05-11 18:40:48.516705','2021-05-11 18:40:48.516705'),(35,'6nvkv04xkkokkdv47','2021-05-11 22:00:54.791067','2021-05-11 22:00:54.791067'),(36,'6nvkv04xkkokl2tiz','2021-05-11 22:21:06.105930','2021-05-11 22:21:06.105930'),(37,'6nvkv04xkkokltm43','2021-05-11 22:37:16.954785','2021-05-11 22:37:16.954785'),(38,'6nvkv04xkkoko7fpf','2021-05-11 23:41:01.644353','2021-05-11 23:41:01.644353'),(39,'6nvkv0u2lkpcsftip','2021-06-01 01:51:40.165447','2021-06-01 01:51:40.165447'),(40,'3boz63fkpke00ag','2021-06-05 23:48:41.256737','2021-06-05 23:48:41.256737'),(41,'3boz63fkpkie3cw','2021-06-06 06:10:47.822614','2021-06-06 06:10:47.822614'),(42,'3boz8eskpkse7vw','2021-06-06 06:25:23.326036','2021-06-06 06:25:23.326036'),(43,'3boz8eskpksx0i8','2021-06-06 06:29:59.802503','2021-06-06 06:29:59.802503'),(44,'3boz8eskpkt31ag','2021-06-06 06:30:44.292005','2021-06-06 06:30:44.292005'),(45,'x8pi64kpkuiju4','2021-06-06 07:10:20.924571','2021-06-06 07:10:20.924571'),(46,'x8pi64kpkumpmb','2021-06-06 07:13:34.407713','2021-06-06 07:13:34.407713'),(47,'x8pi64kpkuoun7','2021-06-06 07:15:14.954638','2021-06-06 07:15:14.954638'),(48,'x8pi64kpkuqkza','2021-06-06 07:16:34.666038','2021-06-06 07:16:34.666038'),(49,'x8pi64kpkuu81a','2021-06-06 07:21:23.271211','2021-06-06 07:21:23.271211'),(50,'3bz12btkpqll4tk','2021-06-10 07:47:18.446164','2021-06-10 07:47:18.446164'),(51,'xcwr3x5kpw8a4j0','2021-06-14 16:04:11.649927','2021-06-14 16:04:11.649927'),(52,'xcwr6d6kpwt4rhb','2021-06-14 16:05:48.584527','2021-06-14 16:05:48.584527'),(53,'xcwr6d6kpwt66uw','2021-06-14 23:31:42.330868','2021-06-14 23:31:42.330868'),(54,'xcwr6xmkpx93lnp','2021-06-15 00:01:09.486013','2021-06-15 00:01:09.486013'),(55,'xcwr814kpz9254o','2021-06-17 11:24:43.683919','2021-06-17 11:24:43.683919'),(56,'xcwrav1kq0tg9m3','2021-06-17 11:26:27.460827','2021-06-17 11:26:27.460827'),(57,'xcwrav1kq0titwy','2021-06-17 11:27:08.589898','2021-06-17 11:27:08.589898'),(58,'xcwrav1kq0tjf94','2021-06-17 11:29:27.802689','2021-06-17 11:29:27.802689'),(59,'xcwrav1kq0tmb79','2021-06-17 11:29:38.254218','2021-06-17 11:29:38.254218'),(60,'xcwrav1kq0tmjpj','2021-06-17 11:30:27.545302','2021-06-17 11:30:27.545302'),(61,'xcwrav1kq0tnl62','2021-06-17 12:31:57.981408','2021-06-17 12:31:57.981408'),(62,'xcwrav1kq0vwcof','2021-06-17 12:33:33.886551','2021-06-17 12:33:33.886551'),(63,'xcwrav1kq0w0uve','2021-06-17 12:53:08.411457','2021-06-17 12:53:08.411457'),(64,'xcwrav1kq0wly22','2021-06-17 13:06:49.742562','2021-06-17 13:06:49.742562'),(65,'xcwrav1kq0x3iul','2021-06-17 14:30:01.190770','2021-06-17 14:30:01.190770'),(66,'xcwrdeqkq102nqk','2021-06-17 14:35:30.538056','2021-06-17 14:35:30.538056'),(67,'xcwrjy3kq1yto52','2021-06-18 06:53:26.182880','2021-06-18 06:53:26.182880'),(68,'99l1t65kq36k8ry','2021-06-19 05:53:13.239017','2021-06-19 05:53:13.239017'),(69,'99l1t123kq3chmlz','2021-06-19 06:39:30.130300','2021-06-19 06:39:30.130300'),(70,'99l1t1p4kq3e57xl','2021-06-19 06:55:48.514871','2021-06-19 06:55:48.514871'),(71,'99l1t7rwkq53cy94','2021-06-20 11:13:32.061249','2021-06-20 11:13:32.061249'),(72,'99l1t88qkq54iqe6','2021-06-20 11:45:51.329423','2021-06-20 11:45:51.329423'),(73,'99l1n2yakq6jx1n2','2021-06-21 11:44:40.863578','2021-06-21 11:44:40.863578'),(74,'99l1n2yakq6jxbz4','2021-06-21 12:45:07.965212','2021-06-21 12:45:07.965212'),(75,'99l1n4iokq6m3nke','2021-06-21 12:45:45.083677','2021-06-21 12:45:45.083677'),(76,'ek157dnskq6m8mct','2021-06-21 13:28:53.424861','2021-06-21 13:28:53.424861');
/*!40000 ALTER TABLE `tokenblacklisting` ENABLE KEYS */;
UNLOCK TABLES;

--
-- Table structure for table `user`
--

DROP TABLE IF EXISTS `user`;
/*!40101 SET @saved_cs_client     = @@character_set_client */;
/*!50503 SET character_set_client = utf8mb4 */;
CREATE TABLE `user` (
  `id` int NOT NULL AUTO_INCREMENT,
  `name` varchar(255) NOT NULL,
  `lastname` varchar(255) NOT NULL,
  `phone` varchar(255) DEFAULT NULL,
  `document` varchar(255) DEFAULT NULL,
  `email` varchar(255) NOT NULL,
  `password` varchar(255) DEFAULT NULL,
  `createdAt` datetime(6) NOT NULL DEFAULT CURRENT_TIMESTAMP(6),
  `updateAt` datetime(6) NOT NULL DEFAULT CURRENT_TIMESTAMP(6) ON UPDATE CURRENT_TIMESTAMP(6),
  PRIMARY KEY (`id`),
  UNIQUE KEY `IDX_e12875dfb3b1d92d7d7c5377e2` (`email`)
) ENGINE=InnoDB AUTO_INCREMENT=18 DEFAULT CHARSET=utf8mb4 COLLATE=utf8mb4_0900_ai_ci;
/*!40101 SET character_set_client = @saved_cs_client */;

--
-- Dumping data for table `user`
--

LOCK TABLES `user` WRITE;
/*!40000 ALTER TABLE `user` DISABLE KEYS */;
INSERT INTO `user` VALUES (1,'ariana','perez','909823098123',NULL,'crowdfunding@gmail.com','$2a$10$c.LpCdCXDuLcG5gwrVyt.ut4HKmFHEnBdAY/mpzU69/L4ubH8KO5a','2021-05-09 07:18:35.930127','2021-05-09 07:18:36.285783'),(2,'valeria','vicuña','987654321',NULL,'valeria.vicuna@pucp.edu.pe','$2a$10$2QYF4bcun9H/zSNzQa28QuO8/Bu7ayBBG7UJBoLVds9LoLW48OSvG','2021-05-09 07:18:35.930127','2021-06-18 06:56:47.000000'),(3,'jhonny','diaz','789456123',NULL,'jhony321@gmail.com','$2a$10$ynsl08YPvDh6iyhs6SRuw.qEtPNXv14aZX21zf24vfBS3NYMDweeO','2021-05-09 07:18:35.930127','2021-05-09 07:18:36.285783'),(6,'jhonny','angulo','987654548',NULL,'hyphnox@gmail.com','$2a$10$sk.K46/mFzmJot.ZkFXVO.iiLkVs.fgO1NScTtZmU/Bc/s.fpn5..','2021-05-10 07:57:26.417045','2021-05-10 07:57:26.417045'),(8,'luis','morales','987654321',NULL,'luis456@gmail.com',NULL,'2021-06-15 00:31:12.289345','2021-06-15 00:31:12.289345'),(9,'prueba','prueba','123457893',NULL,'prueba@prueba.com','$2a$10$Kf8ETvAjyWQv6nChmrL.0.cbQlCEenP7.6jmQWTMdvz6VOHq9QriG','2021-06-17 14:49:50.408631','2021-06-17 14:49:50.408631'),(17,'valeria','vicuña','213456789',NULL,'valeria123ysg@gmail.com','$2a$10$Q.tZXTdOJAgzB.Z8rKDI3O0EgEHYQVOYNwoe4/b6/ZhQn0d8Fo7eO','2021-06-20 11:13:16.616870','2021-06-20 11:13:16.616870');
/*!40000 ALTER TABLE `user` ENABLE KEYS */;
UNLOCK TABLES;

--
-- Table structure for table `volunteer`
--

DROP TABLE IF EXISTS `volunteer`;
/*!40101 SET @saved_cs_client     = @@character_set_client */;
/*!50503 SET character_set_client = utf8mb4 */;
CREATE TABLE `volunteer` (
  `volunteerId` int NOT NULL AUTO_INCREMENT,
  `userId` int NOT NULL,
  `campaignId` int NOT NULL,
  `createdAt` datetime(6) NOT NULL DEFAULT CURRENT_TIMESTAMP(6),
  `updateAt` datetime(6) NOT NULL DEFAULT CURRENT_TIMESTAMP(6) ON UPDATE CURRENT_TIMESTAMP(6),
  PRIMARY KEY (`volunteerId`),
  KEY `FK_b448933d82c256ea1addbca731f` (`userId`),
  KEY `FK_a27a44eb742286b7d967166e029` (`campaignId`),
  CONSTRAINT `FK_a27a44eb742286b7d967166e029` FOREIGN KEY (`campaignId`) REFERENCES `campaign` (`id`),
  CONSTRAINT `FK_b448933d82c256ea1addbca731f` FOREIGN KEY (`userId`) REFERENCES `user` (`id`)
) ENGINE=InnoDB AUTO_INCREMENT=15 DEFAULT CHARSET=utf8mb4 COLLATE=utf8mb4_0900_ai_ci;
/*!40101 SET character_set_client = @saved_cs_client */;

--
-- Dumping data for table `volunteer`
--

LOCK TABLES `volunteer` WRITE;
/*!40000 ALTER TABLE `volunteer` DISABLE KEYS */;
INSERT INTO `volunteer` VALUES (14,6,19,'2021-06-20 12:32:51.642770','2021-06-20 12:32:51.642770');
/*!40000 ALTER TABLE `volunteer` ENABLE KEYS */;
UNLOCK TABLES;
/*!40103 SET TIME_ZONE=@OLD_TIME_ZONE */;

/*!40101 SET SQL_MODE=@OLD_SQL_MODE */;
/*!40014 SET FOREIGN_KEY_CHECKS=@OLD_FOREIGN_KEY_CHECKS */;
/*!40014 SET UNIQUE_CHECKS=@OLD_UNIQUE_CHECKS */;
/*!40101 SET CHARACTER_SET_CLIENT=@OLD_CHARACTER_SET_CLIENT */;
/*!40101 SET CHARACTER_SET_RESULTS=@OLD_CHARACTER_SET_RESULTS */;
/*!40101 SET COLLATION_CONNECTION=@OLD_COLLATION_CONNECTION */;
/*!40111 SET SQL_NOTES=@OLD_SQL_NOTES */;

-- Dump completed on 2021-07-18  9:47:11
